-- --------------------------------------------------------
-- 호스트:                          k6d206.p.ssafy.io
-- 서버 버전:                        10.3.34-MariaDB-0ubuntu0.20.04.1 - Ubuntu 20.04
-- 서버 OS:                        debian-linux-gnu
-- HeidiSQL 버전:                  11.3.0.6295
-- --------------------------------------------------------

/*!40101 SET @OLD_CHARACTER_SET_CLIENT=@@CHARACTER_SET_CLIENT */;
/*!40101 SET NAMES utf8 */;
/*!50503 SET NAMES utf8mb4 */;
/*!40014 SET @OLD_FOREIGN_KEY_CHECKS=@@FOREIGN_KEY_CHECKS, FOREIGN_KEY_CHECKS=0 */;
/*!40101 SET @OLD_SQL_MODE=@@SQL_MODE, SQL_MODE='NO_AUTO_VALUE_ON_ZERO' */;
/*!40111 SET @OLD_SQL_NOTES=@@SQL_NOTES, SQL_NOTES=0 */;


-- pocket_fridge 데이터베이스 구조 내보내기
CREATE DATABASE IF NOT EXISTS `pocket_fridge` /*!40100 DEFAULT CHARACTER SET utf8mb4 */;
USE `pocket_fridge`;

-- 테이블 pocket_fridge.food_ingredient 구조 내보내기
CREATE TABLE IF NOT EXISTS `food_ingredient` (
  `food_ingredient_id` bigint(20) NOT NULL,
  `created_date` datetime(6) DEFAULT NULL,
  `modified_date` datetime(6) DEFAULT NULL,
  `food_ingredient_count` float NOT NULL,
  `food_ingredient_date` date NOT NULL,
  `food_ingredient_exp` date NOT NULL,
  `food_ingredient_name` varchar(255) NOT NULL,
  `food_ingredient_way` varchar(255) DEFAULT NULL,
  `refrigerator_id` bigint(20) DEFAULT NULL,
  `sub_category_id` bigint(20) DEFAULT NULL,
  PRIMARY KEY (`food_ingredient_id`),
  KEY `FKbo8vt2k07eg3rb2j7y6rwnj07` (`refrigerator_id`),
  KEY `FK5jh2rb6thjbafu46132w54lvb` (`sub_category_id`),
  CONSTRAINT `FK5jh2rb6thjbafu46132w54lvb` FOREIGN KEY (`sub_category_id`) REFERENCES `sub_category` (`sub_category_id`),
  CONSTRAINT `FKbo8vt2k07eg3rb2j7y6rwnj07` FOREIGN KEY (`refrigerator_id`) REFERENCES `refrigerator` (`refrigereator_id`)
) ENGINE=InnoDB DEFAULT CHARSET=utf8mb4;

-- 테이블 데이터 pocket_fridge.food_ingredient:~9 rows (대략적) 내보내기
/*!40000 ALTER TABLE `food_ingredient` DISABLE KEYS */;
INSERT IGNORE INTO `food_ingredient` (`food_ingredient_id`, `created_date`, `modified_date`, `food_ingredient_count`, `food_ingredient_date`, `food_ingredient_exp`, `food_ingredient_name`, `food_ingredient_way`, `refrigerator_id`, `sub_category_id`) VALUES
	(1, '2022-05-19 03:17:03.527821', '2022-05-19 03:17:03.527821', 1, '2022-05-19', '2022-05-24', '닭다리', '냉동', 1, 50),
	(6, '2022-05-19 07:35:20.465773', '2022-05-19 07:35:20.465773', 1, '2022-05-19', '2022-05-19', '가지', '냉장', 3, 1),
	(7, '2022-05-19 08:13:29.744626', '2022-05-19 08:13:29.744626', 1, '2022-05-19', '2023-02-22', '쎈쿡 100% 발아현미밥', '실온', 1, 128),
	(8, '2022-05-19 08:14:29.888643', '2022-05-19 08:14:29.888643', 1, '2022-05-19', '2022-08-31', '비엔나 소시지', '냉장', 1, 88),
	(9, '2022-05-19 08:15:33.785223', '2022-05-19 08:15:33.785223', 1, '2022-05-19', '2022-05-25', '서울 우유', '냉장', 1, 194),
	(10, '2022-05-19 08:16:32.040395', '2022-05-19 08:16:32.040395', 1, '2022-05-19', '2022-05-23', '당근', '냉장', 1, 10),
	(16, '2022-05-19 13:19:59.832498', '2022-05-19 13:19:59.832498', 1, '2022-05-19', '2022-05-24', '양파', '냉장', 5, 30),
	(17, '2022-05-19 13:22:50.932965', '2022-05-19 13:22:50.932965', 1, '2022-05-19', '2022-05-26', '감자', '냉장', 5, 2),
	(18, '2022-05-19 13:24:38.525138', '2022-05-19 13:24:38.525138', 1, '2022-05-19', '2022-05-26', '양갈비', '냉동', 5, 63);
/*!40000 ALTER TABLE `food_ingredient` ENABLE KEYS */;

-- 테이블 pocket_fridge.hibernate_sequence 구조 내보내기
CREATE TABLE IF NOT EXISTS `hibernate_sequence` (
  `next_not_cached_value` bigint(21) NOT NULL,
  `minimum_value` bigint(21) NOT NULL,
  `maximum_value` bigint(21) NOT NULL,
  `start_value` bigint(21) NOT NULL COMMENT 'start value when sequences is created or value if RESTART is used',
  `increment` bigint(21) NOT NULL COMMENT 'increment value',
  `cache_size` bigint(21) unsigned NOT NULL,
  `cycle_option` tinyint(1) unsigned NOT NULL COMMENT '0 if no cycles are allowed, 1 if the sequence should begin a new cycle when maximum_value is passed',
  `cycle_count` bigint(21) NOT NULL COMMENT 'How many cycles have been done'
) ENGINE=InnoDB SEQUENCE=1;

-- 테이블 데이터 pocket_fridge.hibernate_sequence:~1 rows (대략적) 내보내기
/*!40000 ALTER TABLE `hibernate_sequence` DISABLE KEYS */;
INSERT IGNORE INTO `hibernate_sequence` (`next_not_cached_value`, `minimum_value`, `maximum_value`, `start_value`, `increment`, `cache_size`, `cycle_option`, `cycle_count`) VALUES
	(1001, 1, 9223372036854775806, 1, 1, 1000, 0, 0);
/*!40000 ALTER TABLE `hibernate_sequence` ENABLE KEYS */;

-- 테이블 pocket_fridge.main_category 구조 내보내기
CREATE TABLE IF NOT EXISTS `main_category` (
  `main_category_id` bigint(20) NOT NULL AUTO_INCREMENT,
  `created_date` datetime(6) DEFAULT NULL,
  `modified_date` datetime(6) DEFAULT NULL,
  `main_category_name` varchar(255) DEFAULT NULL,
  PRIMARY KEY (`main_category_id`)
) ENGINE=InnoDB AUTO_INCREMENT=12 DEFAULT CHARSET=utf8mb4;

-- 테이블 데이터 pocket_fridge.main_category:~11 rows (대략적) 내보내기
/*!40000 ALTER TABLE `main_category` DISABLE KEYS */;
INSERT IGNORE INTO `main_category` (`main_category_id`, `created_date`, `modified_date`, `main_category_name`) VALUES
	(1, NULL, NULL, '채소류'),
	(2, NULL, NULL, '육류'),
	(3, NULL, NULL, '수산물'),
	(4, NULL, NULL, '육류가공'),
	(5, NULL, NULL, '수산물가공'),
	(6, NULL, NULL, '가공식품'),
	(7, NULL, NULL, '곡류 견과류'),
	(8, NULL, NULL, '과일'),
	(9, NULL, NULL, '유제품'),
	(10, NULL, NULL, '난류'),
	(11, NULL, NULL, '조미료 소스');
/*!40000 ALTER TABLE `main_category` ENABLE KEYS */;

-- 테이블 pocket_fridge.notification 구조 내보내기
CREATE TABLE IF NOT EXISTS `notification` (
  `notification_id` bigint(20) NOT NULL AUTO_INCREMENT,
  `created_date` datetime(6) DEFAULT NULL,
  `modified_date` datetime(6) DEFAULT NULL,
  `notification_message` varchar(255) DEFAULT NULL,
  `notification_read` bit(1) DEFAULT NULL,
  `refrigerator_id` bigint(20) DEFAULT NULL,
  `user_id` bigint(20) DEFAULT NULL,
  PRIMARY KEY (`notification_id`),
  KEY `FKb0yvoep4h4k92ipon31wmdf7e` (`user_id`),
  CONSTRAINT `FKb0yvoep4h4k92ipon31wmdf7e` FOREIGN KEY (`user_id`) REFERENCES `user` (`user_id`)
) ENGINE=InnoDB AUTO_INCREMENT=15 DEFAULT CHARSET=utf8mb4;

-- 테이블 데이터 pocket_fridge.notification:~14 rows (대략적) 내보내기
/*!40000 ALTER TABLE `notification` DISABLE KEYS */;
INSERT IGNORE INTO `notification` (`notification_id`, `created_date`, `modified_date`, `notification_message`, `notification_read`, `refrigerator_id`, `user_id`) VALUES
	(1, '2022-05-19 06:12:55.489372', '2022-05-19 06:14:45.193313', '주머니님이 기본 냉장고 공유했습니다', b'1', 1, 1),
	(2, '2022-05-19 06:18:33.918329', '2022-05-19 06:18:43.304058', '주머니님이 기본 냉장고 공유했습니다', b'1', 1, 1),
	(3, '2022-05-19 06:19:33.932342', '2022-05-19 06:19:48.028057', '주머니님이 기본 냉장고 공유했습니다', b'1', 1, 1),
	(4, '2022-05-19 12:07:11.989061', '2022-05-19 12:07:21.050122', 'naver님이 fridge 공유했습니다', b'1', 4, 4),
	(5, '2022-05-19 12:08:00.506665', '2022-05-19 12:08:55.813454', 'naver님의 fridge에서 추방당하셨습니다', b'1', 4, 4),
	(6, '2022-05-19 12:08:36.437197', '2022-05-19 12:08:55.813550', 'naver님이 fridge 공유했습니다', b'1', 4, 4),
	(7, '2022-05-19 12:09:14.308379', '2022-05-19 12:09:28.231047', 'naver님의 fridge에서 추방당하셨습니다', b'1', 4, 4),
	(8, '2022-05-19 12:09:41.913048', '2022-05-19 12:09:50.509198', 'naver님이 fridge 공유했습니다', b'1', 4, 4),
	(9, '2022-05-19 12:10:00.214525', '2022-05-19 12:10:05.201455', 'naver님의 fridge에서 추방당하셨습니다', b'1', 4, 4),
	(10, '2022-05-19 12:10:11.474316', '2022-05-19 12:10:14.344797', 'naver님이 fridge 공유했습니다', b'1', 4, 4),
	(11, '2022-05-19 12:10:55.529226', '2022-05-19 12:11:10.935128', 'naver님의 fridge에서 추방당하셨습니다', b'1', 4, 4),
	(12, '2022-05-19 12:11:07.876843', '2022-05-19 12:11:10.935183', 'naver님이 fridge 공유했습니다', b'1', 4, 4),
	(13, '2022-05-19 12:35:11.591984', '2022-05-19 12:35:11.591984', 'string님이 내꺼 공유했습니다', b'0', 2, 3),
	(14, '2022-05-19 12:35:22.104341', '2022-05-19 12:35:22.104341', 'string님의 내꺼에서 추방당하셨습니다', b'0', 2, 3);
/*!40000 ALTER TABLE `notification` ENABLE KEYS */;

-- 테이블 pocket_fridge.recipe 구조 내보내기
CREATE TABLE IF NOT EXISTS `recipe` (
  `recipe_id` bigint(20) NOT NULL AUTO_INCREMENT,
  `created_date` datetime(6) DEFAULT NULL,
  `modified_date` datetime(6) DEFAULT NULL,
  `recipe_all_ingredient` varchar(255) NOT NULL,
  `recipe_content` varchar(255) NOT NULL,
  `recipe_food_name` varchar(255) NOT NULL,
  `recipe_image` varchar(255) DEFAULT NULL,
  `recipe_serving` int(11) NOT NULL,
  `recipe_time` int(11) NOT NULL,
  `recipe_type` varchar(255) NOT NULL,
  PRIMARY KEY (`recipe_id`)
) ENGINE=InnoDB AUTO_INCREMENT=51 DEFAULT CHARSET=utf8mb4;

-- 테이블 데이터 pocket_fridge.recipe:~50 rows (대략적) 내보내기
/*!40000 ALTER TABLE `recipe` DISABLE KEYS */;
INSERT IGNORE INTO `recipe` (`recipe_id`, `created_date`, `modified_date`, `recipe_all_ingredient`, `recipe_content`, `recipe_food_name`, `recipe_image`, `recipe_serving`, `recipe_time`, `recipe_type`) VALUES
	(1, NULL, NULL, '라면, 양배추, 배추, 대패삼겹살, 양파, 간장, 고춧가루, 대파', '라면으로 만들어 먹는 고기 짬뽕 라면', '고기 짬뽕 라면', 'thumbnail_고기_짬뽕_라면.png', 1, 20, '한식'),
	(2, NULL, NULL, '김치, 참치통조림, 소세지, 고춧가루, 물엿, 소금, 참기름, 밥', '참치 김치 볶음밥', '참치 김치 볶음밥', 'thumbnail_참치_김치_볶음밥.png', 1, 20, '한식'),
	(3, NULL, NULL, '옥수수, 통조림, 파프리카, 피자치즈, 튀김가루, 물', '초간단하게 만드는 바삭한 치즈 옥수수전', '옥수수전', 'thumbnail_옥수수전.png', 1, 20, '한식'),
	(4, NULL, NULL, '김치, 삼겹살, 설탕, 간장, 고춧가루', '삽겹살과 김치를 이용한 볶음요리', '삼겹살 김치볶음', 'thumbnail_삼겹살_김치볶음.png', 1, 20, '한식'),
	(5, NULL, NULL, '대패삼겹살, 간장, 소주, 다진 마늘, 물엿', '달달한 바싹 불고기', '바싹 불고기', 'thumbnail_바싹_불고기.png', 1, 20, '한식'),
	(6, NULL, NULL, '연어, 양파, 간장, 설탕', '달달한 밥도둑 연어장', '연어장', 'thumbnail_연어장.png', 1, 20, '한식'),
	(7, NULL, NULL, '모닝빵, 계란, 베이컨, 파슬리', '아침에 먹으면 더욱 좋은 모닝계란빵', '모닝계란빵', 'thumbnail_모닝계란빵.png', 1, 20, '한식'),
	(8, NULL, NULL, '계란, 다시마, 간장, 설탕, 술, 양파, 대파', '짜고 달달한 밥도둑 계란장조림', '계란장조림', 'thumbnail_계란장조림.png', 1, 60, '한식'),
	(9, NULL, NULL, '돼지고기, 대파, 다진마늘, 후추, 간장, 소주, 설탕, 다진마늘, 케첩', '돼지고기와 케첩을 이용한 간장조림', '돼지고기 케첩 간장조림', 'thumbnail_돼지고기_케첩_간장조림.png', 1, 60, '한식'),
	(10, NULL, NULL, '캔옥수수, 설탕, 마요네즈, 모짜렐라 치즈', '맥주 안주로 너무 좋은 콘치즈', '콘치즈', 'thumbnail_콘치즈.png', 1, 20, '한식'),
	(11, NULL, NULL, '마늘, 다진마늘, 파, 베이컨, 밥, 간장', '간단하고 담백한 마늘볶음밥', '마늘볶음밥', 'thumbnail_마늘볶음밥.png', 1, 30, '한식'),
	(12, NULL, NULL, '국수, 육수, 양파, 당근, 간장, 고춧가루, 간마늘, 참기름, 대파, 청양고추', '알록달록 잔치국수 만들기', '잔치국수', 'thumbnail_잔치국수.png', 1, 30, '한식'),
	(13, NULL, NULL, '닭, 건고추, 마늘, 식용유, 감자, 당근, 양파, 대파, 당면, 간장, 설탕, 맛술, 다진마늘, 순후추', '간장찜닭 이렇게만 만들면 맛보장', '찜닭', 'thumbnail_찜닭.png', 2, 40, '한식'),
	(14, NULL, NULL, '닭가슴살, 양파, 대파, 계란, 소금, 후추, 밥, 간장, 소주, 설탕', '닭가슴살로 오야꼬동 만들기', '오야꼬동', 'thumbnail_오야꼬동.png', 1, 30, '일식'),
	(15, NULL, NULL, '불고기용 소고기, 양파, 당근, 양배추, 쪽파, 간장, 다진마늘, 설탕, 물엿, 매실액기스, 후추', '소불고기 만들기', '불고기', 'thumbnail_불고기.png', 2, 30, '한식'),
	(16, NULL, NULL, '배추, 깻잎, 샤브용고기, 표고버섯, 당근, 육수, 멸치장국, 간장, 소주, 다진마늘', '밀푀유나베 만들기', '밀푀유나베', 'thumbnail_밀푀유나베.png', 3, 45, '양식'),
	(17, NULL, NULL, '미역, 소고기국거리용, 참기름, 국간장, 멸치액젓, 소금', '간단하고 진한 미역국 만들기', '미역국', 'thumbnail_미역국.png', 2, 40, '한식'),
	(18, NULL, NULL, '콩나물, 대패삼겹살, 양파, 대파, 버섯, 고추장, 고춧가루, 간장, 소주, 설탕', '대패삼겹살로 콩나물불고기 만들기', '콩나물불고기', 'thumbnail_콩나물불고기.png', 2, 30, '한식'),
	(19, NULL, NULL, '스파게티면, 미트볼, 토마토소스, 파마산치즈가루, 소금, 오일', '치즈 미트볼 스파게티 만들기', '치즈미트볼스파게티', 'thumbnail_치즈미트볼스파게티.png', 2, 30, '양식'),
	(20, NULL, NULL, '국거리용 소고기, 무, 대파, 참기름, 다진마늘, 간장, 액젓', '간단하고 진하고 맑은 소고기무국 만들기', '소고기무국', 'thumbnail_소고기무국.png', 3, 45, '한식'),
	(21, NULL, NULL, '무, 돼지고기 다릿살, 대파, 청양고추, 된장, 고추장, 다진마늘, 고춧가루', '맛남의 광장에 나왔던 백종원 된장찌개!', '백종원 무된장찌개', 'thumbnail_백종원_무된장찌개.png', 2, 40, '한식'),
	(22, NULL, NULL, '밥, 계란, 식용유, 진간장, 참기름', '자취생 간단 요리!', '간장계란밥', 'thumbnail_간장계란밥.png', 1, 5, '한식'),
	(23, NULL, NULL, '밥, 스팸, 마요네즈, 달걀, 양파, 쪽파, 간장', '스팸의 짠맛으로 시작해 양파의 달달함과 마요네즈의 고소함으로 끝나는 덮밥!', '스팸마요덮밥', 'thumbnail_스팸마요덮밥.png', 2, 10, '한식'),
	(24, NULL, NULL, '감자, 소금, 식용유', '겉바속촉 간단한 감자전 만들기', '감자전', 'thumbnail_감자전.png', 2, 30, '한식'),
	(25, NULL, NULL, '떡볶이떡, 비엔나 소시지, 다진 마늘, 케첩, 고추장, 설탕, 식용유', '간단하고 맛있는 야식!', '소떡소떡', 'thumbnail_소떡소떡.png', 1, 15, '한식'),
	(26, NULL, NULL, '계란, 토마토소스, 우유, 모짜렐라 치즈, 마늘, 양파, 소시지, 양송이, 버섯, 피망, 식용유, 소금, 후추 ', '튀니지에서 흔히 볼 수 있는 전통 가정식 요리', '에그인헬', 'thumbnail_에그인헬.png', 2, 45, '양식'),
	(27, NULL, NULL, '양배추, 양파, 밀가루, 부침가루, 계란, 참치캔, 돈까스소스, 마요네즈, 가쓰오부시', '일본식 부침개! 간단 양배추 요리', '오코노미야끼', 'thumbnail_오코노미야끼.png', 1, 15, '일식'),
	(28, NULL, NULL, '우유, 양파, 베이컨, 버터, 파스타면, 굴소스, 다진마늘, 후추, 파슬리, 파마산치즈가루', '편스토랑 류수영 레시피', '우유버터파스타', 'thumbnail_우유버터파스타.png', 1, 30, '양식'),
	(29, NULL, NULL, '김치, 삼겹살, 설탕, 간장, 고춧가루, 올리브유', '술안주로도, 덮밥요리로도 해먹을 수 있는 만능 간단요리! ', '삼겹살김치볶음', 'thumbnail_삼겹살김치볶음.png', 1, 30, '한식'),
	(30, NULL, NULL, '쌀, 대파, 파프리카, 양파, 소세지, 식용유, 소금, 후추, 케찹, 계란', '집에 있는 재료로 간단하게!', '케찹 오므라이스', 'thumbnail_케찹_오므라이스.png', 1, 30, '일식'),
	(31, NULL, NULL, '양파, 계란, 식용유, 튀김가루, 빵가루, 소금', '바삭바삭 어니언링', '어니언링', 'thumbnail_어니언링.png', 1, 20, '양식'),
	(32, NULL, NULL, '식빵, 계란, 마요네즈, 머스타드, 소금, 후추', '부드러운 애그 샌드위치', '에그샌드위치', 'thumbnail_에그샌드위치.png', 1, 20, '양식'),
	(33, NULL, NULL, '삼겹살, 마늘, 청양고추, 대파, 진간장, 설탕, 고춧가루, 참기름, 맛소금, 후추', '불맛 대파 제육볶음', '제육볶음', 'thumbnail_제육볶음.png', 2, 20, '한식'),
	(34, NULL, NULL, '소세지, 파프리카, 양송이, 대파, 양파, 소금, 후추, 치즈', '맥주 안주로 좋은 소세지 야채 볶음', '소세지야채볶음', 'thumbnail_소세지야채볶음.png', 2, 20, '한식'),
	(35, NULL, NULL, '연어, 양파, 간장, 설탕, 고추, 대파', '초간단 자취 연어장', '연어장', 'thumbnail_연어장.png', 1, 10, '일식'),
	(36, NULL, NULL, '오이, 간장, 설탕, 식초, 고춧가루, 참깨', '아삭아삭 오이무침', '오이무침', 'thumbnail_오이무침.png', 2, 10, '한식'),
	(37, NULL, NULL, '닭 정육, 고추장, 설탕, 고춧가루, 맛술, 진간장, 마늘, 감자, 양파, 고추, 대파, 양배추, 참기름, 후추', '1:1:1:1 소스의 닭갈비', '닭갈비', 'thumbnail_닭갈비.png', 2, 20, '한식'),
	(38, NULL, NULL, '삼겹살, 고추장, 마늘, 간장, 후추, 소금, 설탕', '매콤 달달 고추장 삼겹살', '고추장삼겹살', 'thumbnail_고추장삼겹살.png', 2, 30, '한식'),
	(39, NULL, NULL, '계란, 마늘, 고추, 청양고추, 진간장, 설탕, 물엿', '밥도둑 계란장조림', '계란장조림', 'thumbnail_계란장조림.png', 4, 30, '한식'),
	(40, NULL, NULL, '만두, 식용유, 간장, 식초, 고춧가루', '겉바속촉 군만두', '군만두', 'thumbnail_군만두.png', 2, 10, '한식'),
	(41, NULL, NULL, '스팸, 소세지, 두부, 김치, 양파, 대파, 만두, 라면사리, 물, 간장, 고추장, 고춧가루, 다진마늘, 맛술, 설탕', '부대찌개 만들기', '부대찌개', 'thumbnail_부대찌개.png', 1, 30, '한식'),
	(42, NULL, NULL, '밥, 계란, 대파, 양파, 식용유, 간장', '간단하게 계란볶음밥 만들기', '계란볶음밥', 'thumbnail_계란볶음밥.png', 1, 20, '한식'),
	(43, NULL, NULL, '계란, 물, 소금, 대파', '간단하게 계란찜 만들기', '계란찜', 'thumbnail_계란찜.png', 1, 20, '한식'),
	(44, NULL, NULL, '마늘, 다진마늘, 올리브유, 칵테일 새우, 바지락, 소금, 후추, 파슬리', '의외로 쉬운 감바스 만들기', '감바스', 'thumbnail_감바스.png', 1, 20, '양식'),
	(45, NULL, NULL, '계란, 감자, 당근, 양파, 마요네즈, 소금, 후추, 파슬리', '담백한 계란 샐러드 만들기', '계란샐러드', 'thumbnail_계란샐러드.png', 1, 15, '양식'),
	(46, NULL, NULL, '토마토, 계란, 대파, 쪽파, 전분가루, 물, 소금, 후추, 식용유, 참기름', '토마토와 계란으로 탕 만들기', '토마토계란탕', 'thumbnail_토마토계란탕.png', 1, 20, '양식'),
	(47, NULL, NULL, '밥, 양파, 오이, 크래미, 마요네즈, 머스타드, 후추, 유부초밥 세트', '크래미를 곁들인 유부초밥 만들기', '크래미유부초밥', 'thumbnail_크래미유부초밥.png', 1, 20, '양식'),
	(48, NULL, NULL, '삼겹살, 김치, 두부, 마늘, 양파, 대파, 설탕, 올리고당, 참기름, 통깨, 후추', '삼겹살을 곁들인 두부김치 만들기', '삼겹살두부김치', 'thumbnail_삼겹살두부김치.png', 1, 30, '한식'),
	(49, NULL, NULL, '마늘쫑, 칵테일새우, 식용유, 물, 간장, 굴소스, 올리고당, 맛술', '마늘쫑으로 밥반찬 만들기', '마늘쫑새우볶음', 'thumbnail_마늘쫑새우볶음.png', 1, 20, '한식'),
	(50, NULL, NULL, '계란, 양파, 당근, 소금', '의외로 어렵지 않은 계란말이 만들기', '계란말이', 'thumbnail_계란말이.png', 1, 20, '한식');
/*!40000 ALTER TABLE `recipe` ENABLE KEYS */;

-- 테이블 pocket_fridge.recipe_ingredient 구조 내보내기
CREATE TABLE IF NOT EXISTS `recipe_ingredient` (
  `recipe_ingredient_id` bigint(20) NOT NULL AUTO_INCREMENT,
  `created_date` datetime(6) DEFAULT NULL,
  `modified_date` datetime(6) DEFAULT NULL,
  `recipe_ingredient_count` varchar(255) DEFAULT NULL,
  `recipe_ingredient_name` varchar(255) NOT NULL,
  `recipe_ingredient_required` bit(1) DEFAULT NULL,
  `recipe_id` bigint(20) DEFAULT NULL,
  `sub_category_id` bigint(20) DEFAULT NULL,
  PRIMARY KEY (`recipe_ingredient_id`),
  KEY `FKgu1oxq7mbcgkx5dah6o8geirh` (`recipe_id`),
  KEY `FKlkr9inws13tjqeuekd1vksps6` (`sub_category_id`),
  CONSTRAINT `FKgu1oxq7mbcgkx5dah6o8geirh` FOREIGN KEY (`recipe_id`) REFERENCES `recipe` (`recipe_id`),
  CONSTRAINT `FKlkr9inws13tjqeuekd1vksps6` FOREIGN KEY (`sub_category_id`) REFERENCES `sub_category` (`sub_category_id`)
) ENGINE=InnoDB AUTO_INCREMENT=372 DEFAULT CHARSET=utf8mb4;

-- 테이블 데이터 pocket_fridge.recipe_ingredient:~371 rows (대략적) 내보내기
/*!40000 ALTER TABLE `recipe_ingredient` DISABLE KEYS */;
INSERT IGNORE INTO `recipe_ingredient` (`recipe_ingredient_id`, `created_date`, `modified_date`, `recipe_ingredient_count`, `recipe_ingredient_name`, `recipe_ingredient_required`, `recipe_id`, `sub_category_id`) VALUES
	(1, NULL, NULL, '1개', '라면', NULL, 1, 111),
	(2, NULL, NULL, '1장', '양배추', NULL, 1, 27),
	(3, NULL, NULL, '1장', '배추', NULL, 1, 15),
	(4, NULL, NULL, '작은 접시 1그릇', '대패삼겹살', NULL, 1, 67),
	(5, NULL, NULL, '반개', '양파', NULL, 1, 30),
	(6, NULL, NULL, '1스푼', '간장', NULL, 1, 213),
	(7, NULL, NULL, '1스푼', '고춧가루', NULL, 1, 212),
	(8, NULL, NULL, '1개', '대파', NULL, 1, 44),
	(9, NULL, NULL, '작은 1접시', '김치', NULL, 2, 123),
	(10, NULL, NULL, '1캔', '참치캔', NULL, 2, 102),
	(11, NULL, NULL, '1개', '소세지', NULL, 2, 88),
	(12, NULL, NULL, '1스푼', '물엿', NULL, 2, 217),
	(13, NULL, NULL, '1ts', '소금', NULL, 2, 210),
	(14, NULL, NULL, '1스푼', '참기름', NULL, 2, 228),
	(15, NULL, NULL, '1캔', '옥수수통조림', NULL, 3, 145),
	(16, NULL, NULL, '조금', '파프리카', NULL, 3, 39),
	(17, NULL, NULL, '반컵', '튀김가루', NULL, 3, 122),
	(18, NULL, NULL, '반컵', '모짜렐라치즈', NULL, 3, 197),
	(19, NULL, NULL, '1인분', '김치', NULL, 4, 123),
	(20, NULL, NULL, '1인분', '돼지고기-삼겹살', NULL, 4, 52),
	(21, NULL, NULL, '1스푼', '설탕', NULL, 4, 211),
	(22, NULL, NULL, '2스푼', '간장', NULL, 4, 213),
	(23, NULL, NULL, '2ts', '고춧가루', NULL, 4, 212),
	(24, NULL, NULL, '400g', '대패삼겹살', NULL, 5, 67),
	(25, NULL, NULL, '1/3컵', '간장', NULL, 5, 213),
	(26, NULL, NULL, '1스푼', '다진마늘', NULL, 5, 243),
	(27, NULL, NULL, '2스푼', '물엿', NULL, 5, 217),
	(28, NULL, NULL, '150g', '연어', NULL, 6, 86),
	(29, NULL, NULL, '1/2개', '양파', NULL, 6, 30),
	(30, NULL, NULL, '1컵', '간장', NULL, 6, 213),
	(31, NULL, NULL, '1/2컵', '설탕', NULL, 6, 211),
	(32, NULL, NULL, '3개', '모닝빵', NULL, 7, 146),
	(33, NULL, NULL, '3개', '계란', NULL, 7, 207),
	(34, NULL, NULL, '한 접시', '베이컨', NULL, 7, 93),
	(35, NULL, NULL, '조금', '파슬리', NULL, 7, 254),
	(36, NULL, NULL, '4개', '계란', NULL, 8, 207),
	(37, NULL, NULL, '한조각', '다시마', NULL, 8, 80),
	(38, NULL, NULL, '6스푼', '간장', NULL, 8, 213),
	(39, NULL, NULL, '1스푼', '설탕', NULL, 8, 211),
	(40, NULL, NULL, '2스푼', '미림', NULL, 8, 246),
	(41, NULL, NULL, '1/2개', '양파', NULL, 8, 30),
	(42, NULL, NULL, '반쪽', '대파', NULL, 8, 44),
	(43, NULL, NULL, '300g', '돼지고기-목살', NULL, 9, 53),
	(44, NULL, NULL, '1개', '대파', NULL, 9, 44),
	(45, NULL, NULL, '1스푼', '다진마늘', NULL, 9, 243),
	(46, NULL, NULL, '조금', '후추', NULL, 9, 236),
	(47, NULL, NULL, '3스푼', '간장', NULL, 9, 213),
	(48, NULL, NULL, '2스푼', '소주', NULL, 9, 245),
	(49, NULL, NULL, '1스푼', '다진마늘', NULL, 9, 243),
	(50, NULL, NULL, '1스푼', '케찹', NULL, 9, 225),
	(51, NULL, NULL, '한캔', '옥수수통조림', NULL, 10, 145),
	(52, NULL, NULL, '1스푼', '설탕', NULL, 10, 211),
	(53, NULL, NULL, '2스푼', '마요네즈', NULL, 10, 219),
	(54, NULL, NULL, '종이컵 반컵', '모짜렐라치즈', NULL, 10, 197),
	(55, NULL, NULL, '5쪽', '마늘', NULL, 11, 12),
	(56, NULL, NULL, '1스푼', '다진마늘', NULL, 11, 243),
	(57, NULL, NULL, '1쪽', '파', NULL, 11, 38),
	(58, NULL, NULL, '1줄', '베이컨', NULL, 11, 93),
	(59, NULL, NULL, '1공기', '쌀', NULL, 11, 150),
	(60, NULL, NULL, '1스푼', '간장', NULL, 11, 213),
	(61, NULL, NULL, '2인분', '소면', NULL, 12, 112),
	(62, NULL, NULL, '1/2개', '양파', NULL, 12, 30),
	(63, NULL, NULL, '조금', '당근', NULL, 12, 10),
	(64, NULL, NULL, '3스푼', '간장', NULL, 12, 213),
	(65, NULL, NULL, '2스푼', '고춧가루', NULL, 12, 212),
	(66, NULL, NULL, '1티스푼', '다진마늘', NULL, 12, 243),
	(67, NULL, NULL, '1스푼', '참기름', NULL, 12, 228),
	(68, NULL, NULL, '1개', '대파', NULL, 12, 44),
	(69, NULL, NULL, '1개', '청양고추', NULL, 12, 46),
	(70, NULL, NULL, '1kg', '닭', NULL, 13, 48),
	(71, NULL, NULL, '2개', '건고추', NULL, 13, 45),
	(72, NULL, NULL, '4알', '마늘', NULL, 13, 12),
	(73, NULL, NULL, '2티스푼', '식용유', NULL, 13, 226),
	(74, NULL, NULL, '1개', '감자', NULL, 13, 2),
	(75, NULL, NULL, '1/2개', '당근', NULL, 13, 10),
	(76, NULL, NULL, '1개', '양파', NULL, 13, 30),
	(77, NULL, NULL, '1대', '대파', NULL, 13, 44),
	(78, NULL, NULL, '한 줌', '당면', NULL, 13, 114),
	(79, NULL, NULL, '200ml', '간장', NULL, 13, 213),
	(80, NULL, NULL, '1/2컵', '설탕', NULL, 13, 211),
	(81, NULL, NULL, '1/2컵', '맛술', NULL, 13, 247),
	(82, NULL, NULL, '2티스푼', '다진마늘', NULL, 13, 243),
	(83, NULL, NULL, '조금', '순후추', NULL, 13, 244),
	(84, NULL, NULL, '1개', '닭-가슴살', NULL, 14, 50),
	(85, NULL, NULL, '반개', '양파', NULL, 14, 30),
	(86, NULL, NULL, '반개', '대파', NULL, 14, 44),
	(87, NULL, NULL, '3개', '계란', NULL, 14, 207),
	(88, NULL, NULL, '조금', '소금', NULL, 14, 210),
	(89, NULL, NULL, '조금', '후추', NULL, 14, 236),
	(90, NULL, NULL, '1공기', '쌀', NULL, 14, 150),
	(91, NULL, NULL, '3스푼', '간장', NULL, 14, 213),
	(92, NULL, NULL, '1스푼', '맛술', NULL, 14, 247),
	(93, NULL, NULL, '2스푼', '설탕', NULL, 14, 211),
	(94, NULL, NULL, '620g', '소고기-불고기', NULL, 15, 65),
	(95, NULL, NULL, '반개', '양파', NULL, 15, 30),
	(96, NULL, NULL, '1/3개', '당근', NULL, 15, 10),
	(97, NULL, NULL, '조금', '양배추', NULL, 15, 27),
	(98, NULL, NULL, '조금', '쪽파', NULL, 15, 47),
	(99, NULL, NULL, '5스푼', '간장', NULL, 15, 213),
	(100, NULL, NULL, '1스푼', '다진마늘', NULL, 15, 243),
	(101, NULL, NULL, '1스푼', '설탕', NULL, 15, 211),
	(102, NULL, NULL, '2스푼', '물엿', NULL, 15, 217),
	(103, NULL, NULL, '2스푼', '매실액기스', NULL, 15, 253),
	(104, NULL, NULL, '조금', '후추', NULL, 15, 236),
	(105, NULL, NULL, '16장', '배추', NULL, 16, 15),
	(106, NULL, NULL, '20장', '깻잎', NULL, 16, 7),
	(107, NULL, NULL, '600g', '소고기-등심', NULL, 16, 60),
	(108, NULL, NULL, '3조각', '당근', NULL, 16, 10),
	(109, NULL, NULL, '2개', '표고버섯', NULL, 16, 41),
	(110, NULL, NULL, '3스푼', '간장', NULL, 16, 213),
	(111, NULL, NULL, '3스푼', '소주', NULL, 16, 245),
	(112, NULL, NULL, '1티스푼', '다진마늘', NULL, 16, 243),
	(113, NULL, NULL, '한 줌', '미역', NULL, 17, 69),
	(114, NULL, NULL, '400g', '소고기-국거리', NULL, 17, 62),
	(115, NULL, NULL, '2스푼', '참기름', NULL, 17, 228),
	(116, NULL, NULL, '6스푼', '국간장', NULL, 17, 251),
	(117, NULL, NULL, '1스푼', '액젓', NULL, 17, 248),
	(118, NULL, NULL, '조금', '소금', NULL, 17, 210),
	(119, NULL, NULL, '300g', '콩나물', NULL, 18, 36),
	(120, NULL, NULL, '500g', '대패삼겹살', NULL, 18, 67),
	(121, NULL, NULL, '반개', '양파', NULL, 18, 30),
	(122, NULL, NULL, '1개', '대파', NULL, 18, 44),
	(123, NULL, NULL, '조금', '버섯', NULL, 18, 16),
	(124, NULL, NULL, '3스푼', '고추장', NULL, 18, 215),
	(125, NULL, NULL, '2스푼', '고춧가루', NULL, 18, 212),
	(126, NULL, NULL, '2스푼', '간장', NULL, 18, 213),
	(127, NULL, NULL, '2스푼', '맛술', NULL, 18, 247),
	(128, NULL, NULL, '2스푼', '설탕', NULL, 18, 211),
	(129, NULL, NULL, '2인분', '스파게티면', NULL, 19, 149),
	(130, NULL, NULL, '조금', '미트볼', NULL, 19, 101),
	(131, NULL, NULL, '4컵', '토마토소스', NULL, 19, 249),
	(132, NULL, NULL, '조금', '파마산치즈가루', NULL, 19, 252),
	(133, NULL, NULL, '두 꼬집', '소금', NULL, 19, 210),
	(134, NULL, NULL, '2스푼', '식용유', NULL, 19, 226),
	(135, NULL, NULL, '150g', '소고기-국거리', NULL, 20, 62),
	(136, NULL, NULL, '5cm', '무', NULL, 20, 13),
	(137, NULL, NULL, '1개', '대파', NULL, 20, 44),
	(138, NULL, NULL, '1스푼', '참기름', NULL, 20, 228),
	(139, NULL, NULL, '1스푼', '다진마늘', NULL, 20, 243),
	(140, NULL, NULL, '2스푼', '간장', NULL, 20, 213),
	(141, NULL, NULL, '1스푼', '액젓', NULL, 20, 248),
	(142, NULL, NULL, '600g', '무', NULL, 21, 13),
	(143, NULL, NULL, '200~300g', '돼지고기-뒷다리', NULL, 21, 55),
	(144, NULL, NULL, '1대', '대파', NULL, 21, 44),
	(145, NULL, NULL, '2~3개', '청양고추', NULL, 21, 46),
	(146, NULL, NULL, '3큰술', '된장', NULL, 21, 214),
	(147, NULL, NULL, '1큰술', '고추장', NULL, 21, 215),
	(148, NULL, NULL, '1스푼', '다진마늘', NULL, 21, 243),
	(149, NULL, NULL, '1스푼', '고춧가루', NULL, 21, 212),
	(150, NULL, NULL, '1공기', '쌀', NULL, 22, 150),
	(151, NULL, NULL, '1개', '계란', NULL, 22, 207),
	(152, NULL, NULL, '2스푼', '식용유', NULL, 22, 226),
	(153, NULL, NULL, '1스푼', '간장', NULL, 22, 213),
	(154, NULL, NULL, '1스푼', '참기름', NULL, 22, 228),
	(155, NULL, NULL, '2공기', '쌀', NULL, 23, 150),
	(156, NULL, NULL, '1통', '햄', NULL, 23, 87),
	(157, NULL, NULL, '조금', '마요네즈', NULL, 23, 219),
	(158, NULL, NULL, '2개', '계란', NULL, 23, 207),
	(159, NULL, NULL, '1/2개', '양파', NULL, 23, 30),
	(160, NULL, NULL, '조금', '쪽파', NULL, 23, 47),
	(161, NULL, NULL, '1큰술', '간장', NULL, 23, 213),
	(162, NULL, NULL, '4개', '감자', NULL, 24, 2),
	(163, NULL, NULL, '1/4큰술', '소금', NULL, 24, 210),
	(164, NULL, NULL, '2큰술', '식용유', NULL, 24, 226),
	(165, NULL, NULL, '원하는 만큼', '떡볶이 떡', NULL, 25, 148),
	(166, NULL, NULL, '워하는 만큼', '소세지', NULL, 25, 88),
	(167, NULL, NULL, '2큰술', '간장', NULL, 25, 213),
	(168, NULL, NULL, '2큰술', '맛술', NULL, 25, 247),
	(169, NULL, NULL, '1/2큰술', '다진마늘', NULL, 25, 243),
	(170, NULL, NULL, '4큰술', '케찹', NULL, 25, 225),
	(171, NULL, NULL, '1큰술', '고추장', NULL, 25, 215),
	(172, NULL, NULL, '2큰술', '설탕', NULL, 25, 211),
	(173, NULL, NULL, '1큰술', '식용유', NULL, 25, 226),
	(174, NULL, NULL, '2개', '계란', NULL, 26, 207),
	(175, NULL, NULL, '300mL', '토마토소스', NULL, 26, 249),
	(176, NULL, NULL, '100mL', '우유', NULL, 26, 194),
	(177, NULL, NULL, '넉넉히', '모짜렐라치즈', NULL, 26, 197),
	(178, NULL, NULL, '1개', '마늘', NULL, 26, 12),
	(179, NULL, NULL, '1/2개', '양파', NULL, 26, 30),
	(180, NULL, NULL, '1/4개', '피망', NULL, 26, 42),
	(181, NULL, NULL, '원하는 만큼', '소세지', NULL, 26, 88),
	(182, NULL, NULL, '2개', '양송이버섯', NULL, 26, 29),
	(183, NULL, NULL, '1큰술', '식용유', NULL, 26, 226),
	(184, NULL, NULL, '약간', '소금', NULL, 26, 210),
	(185, NULL, NULL, '약간', '후추', NULL, 26, 236),
	(186, NULL, NULL, '조금', '양배추', NULL, 27, 27),
	(187, NULL, NULL, '1/4 개', '양파', NULL, 27, 30),
	(188, NULL, NULL, '1큰술', '밀가루', NULL, 27, 120),
	(189, NULL, NULL, '1큰술', '부침가루', NULL, 27, 121),
	(190, NULL, NULL, '2개', '계란', NULL, 27, 207),
	(191, NULL, NULL, '1개', '참치캔', NULL, 27, 102),
	(192, NULL, NULL, '원하는 만큼', '돈까스소스', NULL, 27, 242),
	(193, NULL, NULL, '원하는 만큼', '마요네즈', NULL, 27, 219),
	(194, NULL, NULL, '원하는 만큼', '가쓰오부시', NULL, 27, 261),
	(195, NULL, NULL, '300ml', '우유', NULL, 28, 194),
	(196, NULL, NULL, '1/2개', '양파', NULL, 28, 30),
	(197, NULL, NULL, '4줄', '베이컨', NULL, 28, 93),
	(198, NULL, NULL, '2조각(40g)', '버터', NULL, 28, 195),
	(199, NULL, NULL, '1인분', '파스타면', NULL, 28, 113),
	(200, NULL, NULL, '1큰술', '굴소스', NULL, 28, 260),
	(201, NULL, NULL, '1큰술', '다진마늘', NULL, 28, 243),
	(202, NULL, NULL, '', '후추', NULL, 28, 236),
	(203, NULL, NULL, '', '파슬리', NULL, 28, 254),
	(204, NULL, NULL, '', '파마산치즈가루', NULL, 28, 252),
	(205, NULL, NULL, '1인분', '김치', NULL, 29, 123),
	(206, NULL, NULL, '1인분(1줄)', '돼지고기-삼겹살', NULL, 29, 52),
	(207, NULL, NULL, '1큰술', '설탕', NULL, 29, 211),
	(208, NULL, NULL, '1~2큰술', '간장', NULL, 29, 213),
	(209, NULL, NULL, '2ts', '고춧가루', NULL, 29, 212),
	(210, NULL, NULL, '1큰술', '올리브유', NULL, 29, 227),
	(211, NULL, NULL, '1공기', '쌀', NULL, 30, 150),
	(212, NULL, NULL, '1/4개', '대파', NULL, 30, 44),
	(213, NULL, NULL, '1/4개', '파프리카', NULL, 30, 39),
	(214, NULL, NULL, '1/8개', '양파', NULL, 30, 30),
	(215, NULL, NULL, '3개', '계란', NULL, 30, 207),
	(216, NULL, NULL, '1개(긴 것 기쥔)', '소세지', NULL, 30, 88),
	(217, NULL, NULL, '조금', '식용유', NULL, 30, 226),
	(218, NULL, NULL, '조금', '소금', NULL, 30, 210),
	(219, NULL, NULL, '조금', '후추', NULL, 30, 236),
	(220, NULL, NULL, '조금', '케찹', NULL, 30, 225),
	(221, NULL, NULL, '1개', '양파', NULL, 31, 30),
	(222, NULL, NULL, '1개', '계란', NULL, 31, 207),
	(223, NULL, NULL, '1컵', '식용유', NULL, 31, 226),
	(224, NULL, NULL, '5스푼', '튀김가루', NULL, 31, 122),
	(225, NULL, NULL, '1컵', '빵가루', NULL, 31, 264),
	(226, NULL, NULL, '조금', '소금', NULL, 31, 210),
	(227, NULL, NULL, '8쪽', '식빵', NULL, 32, 265),
	(228, NULL, NULL, '6개', '계란', NULL, 32, 207),
	(229, NULL, NULL, '3스푼', '마요네즈', NULL, 32, 219),
	(230, NULL, NULL, '0.5스푼', '머스타드', NULL, 32, 263),
	(231, NULL, NULL, '0.5티스푼', '소금', NULL, 32, 210),
	(232, NULL, NULL, '조금', '후추', NULL, 32, 236),
	(233, NULL, NULL, '300g', '돼지고기-삼겹살', NULL, 33, 52),
	(234, NULL, NULL, '8알', '마늘', NULL, 33, 12),
	(235, NULL, NULL, '3개', '청양고추', NULL, 33, 46),
	(236, NULL, NULL, '2대', '대파', NULL, 33, 44),
	(237, NULL, NULL, '3스푼', '간장', NULL, 33, 213),
	(238, NULL, NULL, '1.5스푼', '설탕', NULL, 33, 211),
	(239, NULL, NULL, '2스푼', '고춧가루', NULL, 33, 212),
	(240, NULL, NULL, '0.5스푼', '참기름', NULL, 33, 228),
	(241, NULL, NULL, '조금', '맛소금', NULL, 33, 233),
	(242, NULL, NULL, '조금', '후추', NULL, 33, 236),
	(243, NULL, NULL, '1봉', '소세지', NULL, 34, 88),
	(244, NULL, NULL, '0.5개', '파프리카', NULL, 34, 39),
	(245, NULL, NULL, '3개', '양송이버섯', NULL, 34, 29),
	(246, NULL, NULL, '1대', '대파', NULL, 34, 44),
	(247, NULL, NULL, '1개', '양파', NULL, 34, 30),
	(248, NULL, NULL, '조금', '소금', NULL, 34, 210),
	(249, NULL, NULL, '조금', '후추', NULL, 34, 236),
	(250, NULL, NULL, '조금', '치즈', NULL, 34, 196),
	(251, NULL, NULL, '150g', '연어', NULL, 35, 86),
	(252, NULL, NULL, '0.5개', '양파', NULL, 35, 30),
	(253, NULL, NULL, '1컵', '간장', NULL, 35, 213),
	(254, NULL, NULL, '0.5컵', '설탕', NULL, 35, 211),
	(255, NULL, NULL, '1개', '고추', NULL, 35, 5),
	(256, NULL, NULL, '0.5개', '대파', NULL, 35, 44),
	(257, NULL, NULL, '3개', '오이', NULL, 36, 32),
	(258, NULL, NULL, '2스푼', '간장', NULL, 36, 213),
	(259, NULL, NULL, '2티스푼', '설탕', NULL, 36, 211),
	(260, NULL, NULL, '1티스푼', '식초', NULL, 36, 216),
	(261, NULL, NULL, '1스푼', '고춧가루', NULL, 36, 212),
	(262, NULL, NULL, '조금', '깨', NULL, 36, 164),
	(263, NULL, NULL, '350g', '닭-정육', NULL, 37, 49),
	(264, NULL, NULL, '1스푼', '고추장', NULL, 37, 215),
	(265, NULL, NULL, '1스푼', '설탕', NULL, 37, 211),
	(266, NULL, NULL, '1스푼', '고춧가루', NULL, 37, 212),
	(267, NULL, NULL, '1스푼', '맛술', NULL, 37, 247),
	(268, NULL, NULL, '1스푼', '간장', NULL, 37, 213),
	(269, NULL, NULL, '18알', '마늘', NULL, 37, 12),
	(270, NULL, NULL, '0.5개', '감자', NULL, 37, 2),
	(271, NULL, NULL, '0.5개', '양파', NULL, 37, 30),
	(272, NULL, NULL, '4개', '고추', NULL, 37, 5),
	(273, NULL, NULL, '1컵', '대파', NULL, 37, 44),
	(274, NULL, NULL, '1컵', '양배추', NULL, 37, 27),
	(275, NULL, NULL, '2스푼', '참기름', NULL, 37, 228),
	(276, NULL, NULL, '조금', '후추', NULL, 37, 236),
	(277, NULL, NULL, '600g', '돼지고기-삼겹살', NULL, 38, 52),
	(278, NULL, NULL, '2스푼', '고추장', NULL, 38, 215),
	(279, NULL, NULL, '4알', '마늘', NULL, 38, 12),
	(280, NULL, NULL, '2스푼', '간장', NULL, 38, 213),
	(281, NULL, NULL, '조금', '후추', NULL, 38, 236),
	(282, NULL, NULL, '조금', '소금', NULL, 38, 210),
	(283, NULL, NULL, '2스푼', '설탕', NULL, 38, 211),
	(284, NULL, NULL, '20개', '계란', NULL, 39, 207),
	(285, NULL, NULL, '20알', '마늘', NULL, 39, 12),
	(286, NULL, NULL, '16개', '꽈리고추', NULL, 39, 262),
	(287, NULL, NULL, '4개', '청양고추', NULL, 39, 46),
	(288, NULL, NULL, '1.5컵', '간장', NULL, 39, 213),
	(289, NULL, NULL, '0.7컵', '설탕', NULL, 39, 211),
	(290, NULL, NULL, '0.25컵', '물엿', NULL, 39, 217),
	(291, NULL, NULL, '1봉', '만두', NULL, 40, 129),
	(292, NULL, NULL, '2스푼', '식용유', NULL, 40, 226),
	(293, NULL, NULL, '1스푼', '간장', NULL, 40, 213),
	(294, NULL, NULL, '1스푼', '식초', NULL, 40, 216),
	(295, NULL, NULL, '1티스푼', '고춧가루', NULL, 40, 212),
	(296, NULL, NULL, '1통', '스팸', NULL, 41, 255),
	(297, NULL, NULL, '2개', '소세지', NULL, 41, 88),
	(298, NULL, NULL, '1인분', '김치', NULL, 41, 123),
	(299, NULL, NULL, '1모', '두부', NULL, 41, 117),
	(300, NULL, NULL, '1개', '양파', NULL, 41, 30),
	(301, NULL, NULL, '1개', '대파', NULL, 41, 44),
	(302, NULL, NULL, '4개', '만두', NULL, 41, 129),
	(303, NULL, NULL, '1개', '라면', NULL, 41, 111),
	(304, NULL, NULL, '3큰술', '간장', NULL, 41, 213),
	(305, NULL, NULL, '1큰술', '고추장', NULL, 41, 215),
	(306, NULL, NULL, '2큰술', '고춧가루', NULL, 41, 212),
	(307, NULL, NULL, '1큰술', '다진마늘', NULL, 41, 243),
	(308, NULL, NULL, '1큰술', '맛술', NULL, 41, 247),
	(309, NULL, NULL, '1큰술', '설탕', NULL, 41, 211),
	(310, NULL, NULL, '2개', '계란', NULL, 42, 207),
	(311, NULL, NULL, '1/2개', '대파', NULL, 42, 44),
	(312, NULL, NULL, '1/2개', '양파', NULL, 42, 30),
	(313, NULL, NULL, '2큰술', '식용유', NULL, 42, 226),
	(314, NULL, NULL, '1큰술', '간장', NULL, 42, 213),
	(315, NULL, NULL, '3개', '계란', NULL, 43, 207),
	(316, NULL, NULL, '1/3큰술', '소금', NULL, 43, 210),
	(317, NULL, NULL, '1/4개', '대파', NULL, 43, 44),
	(318, NULL, NULL, '17쪽', '마늘', NULL, 44, 12),
	(319, NULL, NULL, '1큰술', '다진마늘', NULL, 44, 243),
	(320, NULL, NULL, '1컵', '올리브유', NULL, 44, 227),
	(321, NULL, NULL, '23마리', '새우', NULL, 44, 70),
	(322, NULL, NULL, '17개', '바지락', NULL, 44, 81),
	(323, NULL, NULL, '1작은술', '소금', NULL, 44, 210),
	(324, NULL, NULL, '1/3작은술', '후추', NULL, 44, 236),
	(325, NULL, NULL, '1/3작은술', '파슬리', NULL, 44, 254),
	(326, NULL, NULL, '2개', '감자', NULL, 45, 2),
	(327, NULL, NULL, '1개', '양파', NULL, 45, 30),
	(328, NULL, NULL, '1/2개', '당근', NULL, 45, 10),
	(329, NULL, NULL, '1/3작은술', '소금', NULL, 45, 210),
	(330, NULL, NULL, '1/3작은술', '후추', NULL, 45, 236),
	(331, NULL, NULL, '1/3작은술', '파슬리', NULL, 45, 254),
	(332, NULL, NULL, '3개', '계란', NULL, 45, 207),
	(333, NULL, NULL, '3개', '토마토', NULL, 46, 37),
	(334, NULL, NULL, '3개', '계란', NULL, 46, 207),
	(335, NULL, NULL, '1/2개', '대파', NULL, 46, 44),
	(336, NULL, NULL, '1/2개', '쪽파', NULL, 46, 47),
	(337, NULL, NULL, '1큰술', '전분가루', NULL, 46, 256),
	(338, NULL, NULL, '1/2큰술', '소금', NULL, 46, 210),
	(339, NULL, NULL, '1/3작은술', '후추', NULL, 46, 236),
	(340, NULL, NULL, '2큰술', '식용유', NULL, 46, 226),
	(341, NULL, NULL, '1큰술', '참기름', NULL, 46, 228),
	(342, NULL, NULL, '1/4개', '양파', NULL, 47, 30),
	(343, NULL, NULL, '1/3개', '오이', NULL, 47, 32),
	(344, NULL, NULL, '5개', '크래미', NULL, 47, 257),
	(345, NULL, NULL, '3큰술', '마요네즈', NULL, 47, 219),
	(346, NULL, NULL, '1작은술', '허니머스타드', NULL, 47, 241),
	(347, NULL, NULL, '1/3작은술', '후추', NULL, 47, 236),
	(348, NULL, NULL, '200g', '돼지고기-삼겹살', NULL, 48, 52),
	(349, NULL, NULL, '400g', '김치', NULL, 48, 123),
	(350, NULL, NULL, '1모', '두부', NULL, 48, 117),
	(351, NULL, NULL, '3알', '마늘', NULL, 48, 12),
	(352, NULL, NULL, '1/2개', '양파', NULL, 48, 30),
	(353, NULL, NULL, '1개', '대파', NULL, 48, 44),
	(354, NULL, NULL, '1큰술', '설탕', NULL, 48, 211),
	(355, NULL, NULL, '1큰술', '올리고당', NULL, 48, 258),
	(356, NULL, NULL, '3큰술', '참기름', NULL, 48, 228),
	(357, NULL, NULL, '2큰술', '깨', NULL, 48, 164),
	(358, NULL, NULL, '1/3작은술', '후추', NULL, 48, 236),
	(359, NULL, NULL, '한 줌', '마늘쫑', NULL, 49, 259),
	(360, NULL, NULL, '20마리', '새우', NULL, 49, 70),
	(361, NULL, NULL, '1/2큰술', '식용유', NULL, 49, 226),
	(362, NULL, NULL, '1큰술', '간장', NULL, 49, 213),
	(363, NULL, NULL, '1/2큰술', '굴소스', NULL, 49, 260),
	(364, NULL, NULL, '1큰술', '올리고당', NULL, 49, 258),
	(365, NULL, NULL, '1큰술', '맛술', NULL, 49, 247),
	(366, NULL, NULL, '1/2큰술', '깨', NULL, 49, 164),
	(367, NULL, NULL, '4개', '계란', NULL, 50, 207),
	(368, NULL, NULL, '1/2개', '당근', NULL, 50, 10),
	(369, NULL, NULL, '1/2개', '양파', NULL, 50, 30),
	(370, NULL, NULL, '1/3작은술', '소금', NULL, 50, 210),
	(371, NULL, NULL, '1/2큰술', '식용유', NULL, 50, 226);
/*!40000 ALTER TABLE `recipe_ingredient` ENABLE KEYS */;

-- 테이블 pocket_fridge.recipe_like 구조 내보내기
CREATE TABLE IF NOT EXISTS `recipe_like` (
  `recipe_like_id` bigint(20) NOT NULL AUTO_INCREMENT,
  `created_date` datetime(6) DEFAULT NULL,
  `modified_date` datetime(6) DEFAULT NULL,
  `recipe_id` bigint(20) DEFAULT NULL,
  `user_id` bigint(20) DEFAULT NULL,
  PRIMARY KEY (`recipe_like_id`),
  KEY `FKn330bsxk72q322mejvbmjar6b` (`recipe_id`),
  KEY `FKd8ye9dw6e7k7e03t9srmjatgj` (`user_id`),
  CONSTRAINT `FKd8ye9dw6e7k7e03t9srmjatgj` FOREIGN KEY (`user_id`) REFERENCES `user` (`user_id`),
  CONSTRAINT `FKn330bsxk72q322mejvbmjar6b` FOREIGN KEY (`recipe_id`) REFERENCES `recipe` (`recipe_id`)
) ENGINE=InnoDB AUTO_INCREMENT=28 DEFAULT CHARSET=utf8mb4;

-- 테이블 데이터 pocket_fridge.recipe_like:~3 rows (대략적) 내보내기
/*!40000 ALTER TABLE `recipe_like` DISABLE KEYS */;
INSERT IGNORE INTO `recipe_like` (`recipe_like_id`, `created_date`, `modified_date`, `recipe_id`, `user_id`) VALUES
	(15, '2022-05-19 10:14:51.502895', '2022-05-19 10:14:51.502895', 1, 5),
	(17, '2022-05-19 10:18:18.607633', '2022-05-19 10:18:18.607633', 23, 2),
	(24, '2022-05-19 12:12:23.060694', '2022-05-19 12:12:23.060694', 23, 4);
/*!40000 ALTER TABLE `recipe_like` ENABLE KEYS */;

-- 테이블 pocket_fridge.recipe_process 구조 내보내기
CREATE TABLE IF NOT EXISTS `recipe_process` (
  `recipe_process_id` bigint(20) NOT NULL AUTO_INCREMENT,
  `created_date` datetime(6) DEFAULT NULL,
  `modified_date` datetime(6) DEFAULT NULL,
  `recipe_process_description` varchar(255) NOT NULL,
  `recipe_process_image` varchar(255) DEFAULT NULL,
  `recipe_process_sequence` int(11) NOT NULL,
  `recipe_id` bigint(20) DEFAULT NULL,
  PRIMARY KEY (`recipe_process_id`),
  KEY `FKmr6mobpxrewm5lhi7ip71ld0n` (`recipe_id`),
  CONSTRAINT `FKmr6mobpxrewm5lhi7ip71ld0n` FOREIGN KEY (`recipe_id`) REFERENCES `recipe` (`recipe_id`)
) ENGINE=InnoDB AUTO_INCREMENT=320 DEFAULT CHARSET=utf8mb4;

-- 테이블 데이터 pocket_fridge.recipe_process:~319 rows (대략적) 내보내기
/*!40000 ALTER TABLE `recipe_process` DISABLE KEYS */;
INSERT IGNORE INTO `recipe_process` (`recipe_process_id`, `created_date`, `modified_date`, `recipe_process_description`, `recipe_process_image`, `recipe_process_sequence`, `recipe_id`) VALUES
	(1, NULL, NULL, '양파, 양배추, 대파를 썰어 주세요 ', 'cook_step_고기짬뽕_01.png', 1, 1),
	(2, NULL, NULL, '냄비에 오일 3스푼을 두르고 달달 볶다가 양파를 고기를 넣고 볶아주세요', 'cook_step_고기짬뽕_02.png', 2, 1),
	(3, NULL, NULL, '고추가루를 넣고 볶아 주세요', 'cook_step_고기짬뽕_03.png', 3, 1),
	(4, NULL, NULL, '1분 정도 볶고 물 550ml를 넣고 라면 사리 1개를 넣고 팔팔 끓여주세요 라면 스프도 1개 넣어주세요', 'cook_step_고기짬뽕_04.png', 4, 1),
	(5, NULL, NULL, '팔팔 끓이면 완성', 'cook_step_고기짬뽕_05.png', 5, 1),
	(6, NULL, NULL, '먼저 김치를 작은 접시 1그릇만 작게 잘라주세요', 'cook_step_참치김치볶음밥_01.png', 1, 2),
	(7, NULL, NULL, '소세지도 잘게 잘라 주세요', 'cook_step_참치김치볶음밥_02.png', 2, 2),
	(8, NULL, NULL, '달군 팬에 기름을 둘러 김치를 먼저 넣어주세요', 'cook_step_참치김치볶음밥_03.png', 3, 2),
	(9, NULL, NULL, '볶다가 참치 한캔과 햄 소세지 고춧가루를 넣고 볶아 주세요', 'cook_step_참치김치볶음밥_04.png', 4, 2),
	(10, NULL, NULL, '소금 1ts 물엿 한 스푼을 넣고 볶다가 참기름 1스푼과 밥 한공기를 넣고 볶아주세요', 'cook_step_참치김치볶음밥_05.png', 5, 2),
	(11, NULL, NULL, '옥수수콘의 물기를 빼 주세요, 파프리카를 다져주세요', 'cook_step_옥수수전_01.png', 1, 3),
	(12, NULL, NULL, '피자 치즈와 튀김가루를 반컵씩 넣어주세요', 'cook_step_옥수수전_02.png', 2, 3),
	(13, NULL, NULL, '물은 조금만, 약간 걸쭉할 정도로 부어주세요', 'cook_step_옥수수전_03.png', 3, 3),
	(14, NULL, NULL, '이제 달군 팬에 오일 넉넉히 반죽을 올려 펴줍니다', 'cook_step_옥수수전_04.png', 4, 3),
	(15, NULL, NULL, '중불로 구워 주세요 80%정도 익었을때 뒤집어줍니다', 'cook_step_옥수수전_05.png', 5, 3),
	(16, NULL, NULL, '뒤집고 2~3분만 익히면 그릇에 담아주세요 ', 'cook_step_옥수수전_06.png', 6, 3),
	(17, NULL, NULL, '김치는 잘게 잘라주고 달군 팬에 올리브유 1스푼 넣고 김치를 넣어 볶아주세요 ', 'cook_step_삼겹살김치볶음_01.png', 1, 4),
	(18, NULL, NULL, '설탕을 1스푼 넣고 볶아주세요', 'cook_step_삼겹살김치볶음_02.png', 2, 4),
	(19, NULL, NULL, '살짝 볶아주고 삼겹살을 넣어 같이 볶아주세요', 'cook_step_삼겹살김치볶음_03.png', 3, 4),
	(20, NULL, NULL, '간장을 2스푼 넣어주세요 ', 'cook_step_삼겹살김치볶음_04.png', 4, 4),
	(21, NULL, NULL, '마지막으로 고춧가루 2ts을 넣어주면 완성됩니다', 'cook_step_삼겹살김치볶음_05.png', 5, 4),
	(22, NULL, NULL, '먼저 대패 삼겹살을 양념을 합니다 간장 1 / 3컵, 소주 1 / 2컵, 후추 조금 넣고 주물러주기', 'cook_step_바싹불고기_01.png', 1, 5),
	(23, NULL, NULL, '이제 팬에 양념한 고기를 넣고 15분간 중불에서 조려주세요 물이 없어지면 완성입니다', 'cook_step_바싹불고기_02.png', 2, 5),
	(24, NULL, NULL, '연어를 한 입 크기로 썰어주세요', 'cook_step_연어장_01.png', 1, 6),
	(25, NULL, NULL, '연어장을 만들어 줄게요 먼저 종이컵 기준으로 간장 1컵을 넣어주고 설탕 반컵을 넣어주고 설탕이 녹을 정도로만 중불로 살짝 끓여주세요', 'cook_step_연어장_02.png', 2, 6),
	(26, NULL, NULL, '절임물이 식을 동안 양파를 잘게 썰어주세요', 'cook_step_연어장_03.png', 3, 6),
	(27, NULL, NULL, '이젠 통 안에 썰어둔 연어들을 차곡차곡 쌓아줍니다 ', 'cook_step_연어장_04.png', 4, 6),
	(28, NULL, NULL, '연어를 다 넣었으면 양파를 위에 다 올려주세요', 'cook_step_연어장_05.png', 5, 6),
	(29, NULL, NULL, '장이 다 식었으면 통에 가득 차도록 부어줍니다', 'cook_step_연어장_06.png', 6, 6),
	(30, NULL, NULL, '통 뚜껑을 닫고 냉장고에 넣어 8시간정도 두고 먹어주세요 ', 'cook_step_연어장_07.png', 7, 6),
	(31, NULL, NULL, '먼저 베이컨을 잘게 조각내주세요', 'cook_step_모닝계란빵_01.png', 1, 7),
	(32, NULL, NULL, '사각치즈도 조각내줍니다', 'cook_step_모닝계란빵_02.png', 2, 7),
	(33, NULL, NULL, '모닝빵 속을 동그랗게 파내어 주세요', 'cook_step_모닝계란빵_03.png', 3, 7),
	(34, NULL, NULL, '빵 속안에 계란을 하나씩 깨드려 넣어주세요', 'cook_step_모닝계란빵_04.png', 4, 7),
	(35, NULL, NULL, '노른자를 포크로 콕콕 찔러 떠뜨려주세요', 'cook_step_모닝계란빵_05.png', 5, 7),
	(36, NULL, NULL, '조각냈던 베이컨과 치즈를 계란 위에 올려주세요', 'cook_step_모닝계란빵_06.png', 6, 7),
	(37, NULL, NULL, '전자레인지에 넣고  3개 기준 2분 30초 돌려주면 완성됩니다', 'cook_step_모닝계란빵_07.png', 7, 7),
	(38, NULL, NULL, '기호에 맞게 파슬리를 뿌려주세요', 'cook_step_모닝계란빵_08.png', 8, 7),
	(39, NULL, NULL, '제일 먼저 계란을 삶고 소금 1ts를 같이 넣어주세요', 'cook_step_계란장조림_01.png', 1, 8),
	(40, NULL, NULL, '10분간 삶고 찬물에 여러 번 헹군 다음 모두 껍질을 벗겨주세요', 'cook_step_계란장조림_02.png', 2, 8),
	(41, NULL, NULL, '물과 다시마를 넣고 육수를 만들어 주세요', 'cook_step_계란장조림_03.png', 3, 8),
	(42, NULL, NULL, '간장 6큰술 술(미림) 2큰술 설탕 1큰술 ', 'cook_step_계란장조림_04.png', 4, 8),
	(43, NULL, NULL, '이제 계란을 넣어주고 양파 반개, 대파 반쪽을 넣어줍니다', 'cook_step_계란장조림_05.png', 5, 8),
	(44, NULL, NULL, '약한 불에 40분정도 끓여주면 옅은 갈색으로 변하면 완성입니다', 'cook_step_계란장조림_06.png', 6, 8),
	(45, NULL, NULL, '돼지고기에 후추, 다진마늘 1스푼을 넣고 재여주세요', 'cook_step_돼지고기_케첩_간장조림_01.png', 1, 9),
	(46, NULL, NULL, '간장3스푼, 설탕 1스푼, 소주 2스푼, 다진마늘 1스푼, 케첩 1스푼', 'cook_step_돼지고기_케첩_간장조림_02.png', 2, 9),
	(47, NULL, NULL, '대파를 잘게 썰어주세요', 'cook_step_돼지고기_케첩_간장조림_03.png', 3, 9),
	(48, NULL, NULL, '재여둔 고기에 전분 1스푼을 넣어 버부려준 다음 팬에 오일을 둘러 완전히 익혀줍니다', 'cook_step_돼지고기_케첩_간장조림_04.png', 4, 9),
	(49, NULL, NULL, '다 익은 고기를 덜어놓고 대파를 3분 정도 볶아주세요', 'cook_step_돼지고기_케첩_간장조림_05.png', 5, 9),
	(50, NULL, NULL, '파가 투명해지면 고기와 잠깐 볶고 소스를 넣고 중불에 조려줍니다', 'cook_step_돼지고기_케첩_간장조림_06.png', 6, 9),
	(51, NULL, NULL, '옥수수 한캔의 물을 빼줍니다', 'cook_step_콘치즈_01.png', 1, 10),
	(52, NULL, NULL, '옥수수와 마요네즈 설탕을 넣고 잘 섞어 줍니다', 'cook_step_콘치즈_02.png', 2, 10),
	(53, NULL, NULL, '후라이팬에 기름을 두르고 섞어놓은 옥수수를 구워줍니다', 'cook_step_콘치즈_03.png', 3, 10),
	(54, NULL, NULL, '옥수수위에 치즈를 솔솔 뿌려줍니다', 'cook_step_콘치즈_04.png', 4, 10),
	(55, NULL, NULL, '마늘을 얇게 썰고 파, 베이컨을 잘게 잘라주세요.', 'cook_step_마늘볶음밥_01.png', 1, 11),
	(56, NULL, NULL, '팬에 기름을 2스푼 가득 넣고 간마늘과 편마늘을 넣어 조금 볶아주세요.', 'cook_step_마늘볶음밥_02.png', 2, 11),
	(57, NULL, NULL, '파, 베이컨 순으로 향이 올라올 때까지 볶아주세요.', 'cook_step_마늘볶음밥_03.png', 3, 11),
	(58, NULL, NULL, '밥 1공기를 넣고 조금 볶아주다가 간장 1스푼을 넣어 간을 살짝 해주세요.', 'cook_step_마늘볶음밥_04.png', 4, 11),
	(59, NULL, NULL, '잘 볶아주시면 완성!', 'cook_step_마늘볶음밥_05.png', 5, 11),
	(60, NULL, NULL, '육수, 간장, 맛술, 소금을 넣고 끓여주세요.', 'cook_step_잔치국수_01.png', 1, 12),
	(61, NULL, NULL, '끓을 동안 채썰어둔 양파와 당근을 넣어주고 다시 끓여주세요.', 'cook_step_잔치국수_02.png', 2, 12),
	(62, NULL, NULL, '간장, 고춧가루, 간마늘, 참기름과 잘게 썬 대파, 청양고추를 넣어 양념장을 만들어주세요.', 'cook_step_잔치국수_03.png', 3, 12),
	(63, NULL, NULL, '달군팬에 약간의 기름을 두르고, 약한불에서 지단을 부친 후 지단을 돌돌말아 채를 썰어주세요.', 'cook_step_잔치국수_04.png', 4, 12),
	(64, NULL, NULL, '끓는 물에 소면을 펼쳐 넣고 물이 끓어오르면 중간에 2~3번 찬물을 넣어 면을 삶아주세요.', 'cook_step_잔치국수_05.png', 5, 12),
	(65, NULL, NULL, '삶아진 면을 찬물에 행궈 동그랗게 말아주세요.', 'cook_step_잔치국수_06.png', 6, 12),
	(66, NULL, NULL, '국수를 그릇에 담고 달걀지단, 고명, 양념장을 올리고 따뜻한 국수국물을 부어주세요.', 'cook_step_잔치국수_07.png', 7, 12),
	(67, NULL, NULL, '닭을 우유에 20분 재워둔 뒤 깨끗이 씻어 물기를 제거해주세요.', 'cook_step_찜닭_01.png', 1, 13),
	(68, NULL, NULL, '당근, 감자, 양파를 큼직하게 잘라주세요.', 'cook_step_찜닭_02.png', 2, 13),
	(69, NULL, NULL, '냄비에 기름을 두르고 으깬 마늘, 고추를 볶다가 닭을 넣고 굽듯이 볶아주세요.', 'cook_step_찜닭_03.png', 3, 13),
	(70, NULL, NULL, '닭 겉면이 노릇하게 익으면 설탕, 맛술, 간장, 다진마늘, 물을 넣고 끓여주세요. (순후추는 취향껏)', 'cook_step_찜닭_04.png', 4, 13),
	(71, NULL, NULL, '물이 끓으면 거품을 걷어내고 뚜껑을 덮어 10~15분 중불에서 끓여주세요.', 'cook_step_찜닭_05.png', 5, 13),
	(72, NULL, NULL, '감자를 넣고 5분 끓여주세요.', 'cook_step_찜닭_06.png', 6, 13),
	(73, NULL, NULL, '당근, 양파를 넣고 5분 끓여주세요.', 'cook_step_찜닭_07.png', 7, 13),
	(74, NULL, NULL, '불린 납작당면은 10분, 일반 당면은 5분 더 끓여주세요.', 'cook_step_찜닭_08.png', 8, 13),
	(75, NULL, NULL, '취향에 따라 대파, 떡, 버섯을 추가해주세요.', 'cook_step_찜닭_09.png', 9, 13),
	(76, NULL, NULL, '양파 반개와 대파 반개를 썰어주세요.', 'cook_step_오야꼬동_01.png', 1, 14),
	(77, NULL, NULL, '닭가슴살 1개를 한입 크기로 썰고 소금, 후추를 뿌려 재워주세요.', 'cook_step_오야꼬동_02.png', 2, 14),
	(78, NULL, NULL, '간장 3스푼, 소주 1스푼, 설탕 2스푼에 물 2/3컵을 넣어 소스를 만들어주세요.', 'cook_step_오야꼬동_03.png', 3, 14),
	(79, NULL, NULL, '계란 3개를 미리 풀어주세요.', 'cook_step_오야꼬동_04.png', 4, 14),
	(80, NULL, NULL, '기름을 둘러 닭고기가 노릇할 때까지 완전히 구워주세요.', 'cook_step_오야꼬동_05.png', 5, 14),
	(81, NULL, NULL, '소스와 양파, 파를 넣고 중불로 끓여주세요.', 'cook_step_오야꼬동_06.png', 6, 14),
	(82, NULL, NULL, '계란 물을 부어 80%정도 익으면 밥에 얹어주세요.', 'cook_step_오야꼬동_07.png', 7, 14),
	(83, NULL, NULL, '고기를 키친타올로 눌러 핏물을 제거해주세요.', 'cook_step_불고기_01.png', 1, 15),
	(84, NULL, NULL, '먹기 좋은 크기로 자른 다음 손으로 살살 풀어주세요.', 'cook_step_불고기_02.png', 2, 15),
	(85, NULL, NULL, '간장 5스푼, 다진마늘 1스푼, 설탕 1스푼, 매실액기스 2스푼, 물엿 2스푼, 후추 조금넣고 잘 버무려 20분간 재워주세요.', 'cook_step_불고기_03.png', 3, 15),
	(86, NULL, NULL, '양파 반개, 당근 1/3개, 양배추 조금을 약간 큼직하게 썰어주세요.', 'cook_step_불고기_04.png', 4, 15),
	(87, NULL, NULL, '팬에 오일을 두르고 센 불에 살살 풀어가며 구워주세요.', 'cook_step_불고기_05.png', 5, 15),
	(88, NULL, NULL, '야채는 고기가 80%정도 익었을 때 넣어주세요.', 'cook_step_불고기_06.png', 6, 15),
	(89, NULL, NULL, '마지막으로 다진 쪽파를 넣고 야채가 조금 덜 익었을 때 불을 끄고 잔열로 익혀주세요.', 'cook_step_불고기_07.png', 7, 15),
	(90, NULL, NULL, '배추와 깻잎을 씻어 물기를 털고 배추 1장에 깻잎 2장을 깔고 위에는 배추 길이에 맞게 고기를 깔아주세요. 이 과정을 반복해 원하는 만큼 여러 세트를 만들어주세요.', 'cook_step_밀푀유나베_01.png', 1, 16),
	(91, NULL, NULL, '1세트를 먹기 좋게 3등분해서 냄비에 빙 둘러준다는 느낌으로 차곡차곡 넣어주세요.', 'cook_step_밀푀유나베_02.png', 2, 16),
	(92, NULL, NULL, '고명으로 표고버섯과 당근을 올려주세요.', 'cook_step_밀푀유나베_03.png', 3, 16),
	(93, NULL, NULL, '육수 600ml, 멸치 장국 2스푼, 간장 2스푼, 다진 마늘 1티스푼, 소주 3스푼을 섞어 냄비에 부어주세요.', 'cook_step_밀푀유나베_04.png', 4, 16),
	(94, NULL, NULL, '센불에 8분, 중불에 2분 끓여주세요.\n', 'cook_step_밀푀유나베_05.png', 5, 16),
	(95, NULL, NULL, '미역에 물을 부어 20분간 불려주세요.', 'cook_step_미역국_01.png', 1, 17),
	(96, NULL, NULL, '미역이 불으면 씻어서 가위로 잘라주세요.', 'cook_step_미역국_02.png', 2, 17),
	(97, NULL, NULL, '달군 냄비에 참기름 2스푼을 넣고 소고기를 볶아주세요.', 'cook_step_미역국_03.png', 3, 17),
	(98, NULL, NULL, '미역과 국간장 6스푼을 넣고 볶아주세요.', 'cook_step_미역국_04.png', 4, 17),
	(99, NULL, NULL, '뚜껑을 닫고 간이 배이게 7~10분쯤 푹 끓여주세요.', 'cook_step_미역국_05.png', 5, 17),
	(100, NULL, NULL, '물 1.5L를 넣고 물이 끓을 때까지 센불, 물이 끓은 후에는 중불로 낮춰서 25~30분간 푹 끓여주세요.', 'cook_step_미역국_06.png', 6, 17),
	(101, NULL, NULL, '마무리도 멸치액젓 1스푼을 넣어주세요. 간이 필요하면 간장이 아닌 소금으로 맞춰주세요.', 'cook_step_미역국_07.png', 7, 17),
	(102, NULL, NULL, '고추장 3스푼, 간장 2스푼, 설탕 2스푼, 소주 2스푼, 고춧가루 2스푼으로 양념장을 만들어주세요.', 'cook_step_콩나물불고기_01.png', 1, 18),
	(103, NULL, NULL, '양파 반개, 버섯, 대파 1개를 썰어주세요.', 'cook_step_콩나물불고기_02.png', 2, 18),
	(104, NULL, NULL, '깊은 팬에 야채, 콩나물, 양념장(조금) 순으로 올려주세요.', 'cook_step_콩나물불고기_03.png', 3, 18),
	(105, NULL, NULL, '대패삼겹살을 올리고 나머지 양념장을 올려주세요.', 'cook_step_콩나물불고기_04.png', 4, 18),
	(106, NULL, NULL, '뚜껑을 닫고 중불로 10분동안 끓여주세요.', 'cook_step_콩나물불고기_05.png', 5, 18),
	(107, NULL, NULL, '10분 동안 야채에서 물이 나와 촉촉해지면 센불에 전체적으로 볶아주세요.', 'cook_step_콩나물불고기_06.png', 6, 18),
	(108, NULL, NULL, '미트볼을 뜨거운 물에 익혀주세요.', 'cook_step_치즈미트볼스파게티_01.png', 1, 19),
	(109, NULL, NULL, '물에 소금 1티스푼을 넣고 물이 끓으면 스파게티면을 펼쳐 넣어주세요.', 'cook_step_치즈미트볼스파게티_02.png', 2, 19),
	(110, NULL, NULL, '약 9분정도 면을 삶아주세요. 중간에 오일을 넣으면 면이 더 부드러워져요.', 'cook_step_치즈미트볼스파게티_03.png', 3, 19),
	(111, NULL, NULL, '면이 익으면 물에서 건져내주세요.', 'cook_step_치즈미트볼스파게티_04.png', 4, 19),
	(112, NULL, NULL, '달군 팬에 오일 1스푼을 두르고 면을 조금 볶다가 스파게티 소스를 붓고, 잘 스며들게 볶아주세요.', 'cook_step_치즈미트볼스파게티_05.png', 5, 19),
	(113, NULL, NULL, '마지막으로 미트볼과 치즈가루를 넣어주세요.', 'cook_step_치즈미트볼스파게티_06.png', 6, 19),
	(114, NULL, NULL, '무를 네모나게 썰고, 대파를 잘게 썰어주세요.', 'cook_step_소고기무국_01.png', 1, 20),
	(115, NULL, NULL, '냄비에 참기름 1스푼 두르고 소고기를 살짝 익을 때까지 볶아주세요.', 'cook_step_소고기무국_02.png', 2, 20),
	(116, NULL, NULL, '물 400ml를 붓고 센 불에서 끓여주세요. 중간에 나오는 거품은 살살 걷어내주세요.', 'cook_step_소고기무국_03.png', 3, 20),
	(117, NULL, NULL, '썰어둔 무와 다진 마늘 1스푼, 간장 2스푼, 액젓 1스푼을 넣고 계속 끓여주세요.', 'cook_step_소고기무국_04.png', 4, 20),
	(118, NULL, NULL, '뚜껑을 닫고 무가 투명해질 때까지 중불로 끓여주세요.', 'cook_step_소고기무국_05.png', 5, 20),
	(119, NULL, NULL, '대파를 넣고 끓여주시면 완성!', 'cook_step_소고기무국_06.png', 6, 20),
	(120, NULL, NULL, '무는 굵직하게 채썰고, 대파, 고추도 먹기좋게 썰어 준비합니다.', 'cook_step_백종원_무된장찌개_01.png', 1, 21),
	(121, NULL, NULL, '냄비에 기름을 두르고 돼지고기 겉면을 익혀줍니다.', 'cook_step_백종원_무된장찌개_02.png', 2, 21),
	(122, NULL, NULL, '돼지고기 겉면이 익으면 냄비에 채썬 무를 넣고 볶아 줍니다.', 'cook_step_백종원_무된장찌개_03.png', 3, 21),
	(123, NULL, NULL, '단단한 무가 물컹해지면 된장 3과 고추장 1을 넣고 볶아주세요.', 'cook_step_백종원_무된장찌개_04.png', 4, 21),
	(124, NULL, NULL, '양념이 충분히 배어들면 쌀뜨물을 넣어 줍니다.', 'cook_step_백종원_무된장찌개_05.png', 5, 21),
	(125, NULL, NULL, '다진마늘, 고춧가루를 넣고 끓입니다.', 'cook_step_백종원_무된장찌개_06.png', 6, 21),
	(126, NULL, NULL, '국물이 자작해지면 대파, 고추를 넣고 푹 끓입니다.', 'cook_step_백종원_무된장찌개_07.png', 7, 21),
	(127, NULL, NULL, '완성', 'cook_step_백종원_무된장찌개_08.png', 8, 21),
	(128, NULL, NULL, '팬에 식용유를 두르고 반숙으로 계란프라이를 만들어줍니다.', 'cook_step_간장계란밥_01.png', 1, 22),
	(129, NULL, NULL, '계란프라이를 밥 위에 올려줍니다. 취향껏 김가루나 깨, 부추를 올려줍니다.', 'cook_step_간장계란밥_02.png', 2, 22),
	(130, NULL, NULL, '밥 위에 간장을 부어줍니다.', 'cook_step_간장계란밥_03.png', 3, 22),
	(131, NULL, NULL, '밥 위에 참기름을 부어줍니다.', 'cook_step_간장계란밥_04.png', 4, 22),
	(132, NULL, NULL, '잘 비벼주면 완성', 'cook_step_간장계란밥_05.png', 5, 22),
	(133, NULL, NULL, '스팸을 잘게 잘라줍니다.', 'cook_step_스팸마요덮밥_01.png', 1, 23),
	(134, NULL, NULL, '양파를 얇게 저며줍니다.', 'cook_step_스팸마요덮밥_02.png', 2, 23),
	(135, NULL, NULL, '달걀을 2개 깨서 저어준 후 스크램블로 부쳐줍니다.', 'cook_step_스팸마요덮밥_03.png', 3, 23),
	(136, NULL, NULL, '양파를 기름을 두른 팬에서 익혀줍니다.', 'cook_step_스팸마요덮밥_04.png', 4, 23),
	(137, NULL, NULL, '양파가 약간 물컹해지면 스팸을 넣고 익혀줍니다.', 'cook_step_스팸마요덮밥_05.png', 5, 23),
	(138, NULL, NULL, '간장과 설탕으로 간을 맞춰줍니다.', 'cook_step_스팸마요덮밥_06.png', 6, 23),
	(139, NULL, NULL, '밥 위에 달걀과 볶은 양파와 스팸을 얹어주세요.', 'cook_step_스팸마요덮밥_07.png', 7, 23),
	(140, NULL, NULL, '마요네즈와 쪽파를 뿌리면 완성', 'cook_step_스팸마요덮밥_08.png', 8, 23),
	(141, NULL, NULL, '감자껍질과 씨눈을 제거합니다.', 'cook_step_감자전_01.png', 1, 24),
	(142, NULL, NULL, '감자는 강판에 쓱쓱 갈아주세요.\n식감대신 편한 조리를 원한다면 믹서기에 갈아주시면 됩니다.', 'cook_step_감자전_02.png', 2, 24),
	(143, NULL, NULL, '볼위에 체를 올리고 간 감자를 부어 걸러주세요.\n걸러진 감자 간 물은 절대 버리지마세요!', 'cook_step_감자전_03.png', 3, 24),
	(144, NULL, NULL, '감자 간 물은 15분 정도 가라앉힙니다.', 'cook_step_감자전_04.png', 4, 24),
	(145, NULL, NULL, '15분 후 감자간 윗물은 살살 따라버리세요.\n바닥에 하얗게 보이는 것이 감자 전분입니다.', 'cook_step_감자전_05.png', 5, 24),
	(146, NULL, NULL, '볼에 물기 제거한 감자와 감자 전분, 소금 1/4큰술을 넣어줍니다.', 'cook_step_감자전_06.png', 6, 24),
	(147, NULL, NULL, '골고루 섞어줍니다.', 'cook_step_감자전_07.png', 7, 24),
	(148, NULL, NULL, '예열된 팬에 식용유 2큰술을 넣어줍니다.', 'cook_step_감자전_08.png', 8, 24),
	(149, NULL, NULL, '한수저씩 놓고 모양잡아 부칩니다.', 'cook_step_감자전_09.png', 9, 24),
	(150, NULL, NULL, '아랫면이 투명해지면 뒤집어 부칩니다.', 'cook_step_감자전_10.png', 10, 24),
	(151, NULL, NULL, '뒤집은 아랫면도 잘 익었으면 완성', 'cook_step_감자전_11.png', 11, 24),
	(152, NULL, NULL, '소세지에 칼집을 넣어줍니다.\n 떡은 그릇에 잠기도록 물을 부어준 다음 전자렌지에 3분 돌려줍니다. ', 'cook_step_소떡소떡_01.png', 1, 25),
	(153, NULL, NULL, '떡과 소시지를 번갈아가며 꼬치에 끼워주세요.\n꼬치가 없다면 나무젓가락을 쓰거나 생략해도 무방합니다.', 'cook_step_소떡소떡_02.png', 2, 25),
	(154, NULL, NULL, '후라이팬에 기름을 두르고 중불에서 꼬치를 구워주세요.', 'cook_step_소떡소떡_03.png', 3, 25),
	(155, NULL, NULL, '이제 양념장을 만들 차례입니다. 고추장1T, 설탕2T, 케찹3T, 다진마늘1T, 물소량을 후라이팬에 넣어주세요.', 'cook_step_소떡소떡_04.png', 4, 25),
	(156, NULL, NULL, '양념을 잘 풀어주세요. 약불에서 졸이는데 원하는 농도보다 조금 더 묽을 때 불을 꺼줍니다.', 'cook_step_소떡소떡_05.png', 5, 25),
	(157, NULL, NULL, '완성된 양념을 구운 꼬치에 발라주세요.', 'cook_step_소떡소떡_06.png', 6, 25),
	(158, NULL, NULL, '케첩, 머스타드, 땅콩가루를 뿌려주면 더 맛있습니다.', 'cook_step_소떡소떡_07.png', 7, 25),
	(159, NULL, NULL, '기름을 두른 팬에 얇게 썬 마늘과 손질한 양파를 볶아 향을 내줍니다.', 'cook_step_에그인헬_01.png', 1, 26),
	(160, NULL, NULL, '소시지와 버섯, 피망을 모두 넣고 소금, 후추로 간을 맞춰준 뒤 볶아주세요.', 'cook_step_에그인헬_02.png', 2, 26),
	(161, NULL, NULL, '토마토소스를 넣어줍니다.', 'cook_step_에그인헬_03.png', 3, 26),
	(162, NULL, NULL, '우유로 농도를 묽게 만들어줍니다.(우유 대신 물로도 가능합니다.)', 'cook_step_에그인헬_04.png', 4, 26),
	(163, NULL, NULL, '모짜렐라 치즈를 둠뿍 넣어줍니다.', 'cook_step_에그인헬_05.png', 5, 26),
	(164, NULL, NULL, '계란을 깨뜨려 올려준 뒤 뚜껑을 덮어줍니다.\n(완숙 : 2~3분, 반숙: 1분)', 'cook_step_에그인헬_06.png', 6, 26),
	(165, NULL, NULL, '완성', 'cook_step_에그인헬_07.png', 7, 26),
	(166, NULL, NULL, '양배추와 양파를 잘게 썰어주세요.', 'cook_step_오코노미야끼_01.png', 1, 27),
	(167, NULL, NULL, '계란 2개를 잘 풀어준 뒤 튀김가루 1큰술과 밀가루 1큰술을 넣고 섞어주세요.', 'cook_step_오코노미야끼_02.png', 2, 27),
	(168, NULL, NULL, '기름뺀 참치캔도 1개 넣고 섞어주세요.', 'cook_step_오코노미야끼_03.png', 3, 27),
	(169, NULL, NULL, '썰어둔 양배추와 양파를 넣고 섞어주세요.', 'cook_step_오코노미야끼_04.png', 4, 27),
	(170, NULL, NULL, '팬에 기름을 두르고 반죽을 펴주세요.\n그 뒤 약불로 노릇하게 구운 다음 뒤집어주세요.', 'cook_step_오코노미야끼_05.png', 5, 27),
	(171, NULL, NULL, '위에 돈까스 소스를 넓게 펴바르고 마요네즈로 체크무늬를 그려주세요.\n 가쓰오부시를 넉넉하게 뿌려주면 완성', 'cook_step_오코노미야끼_06.png', 6, 27),
	(172, NULL, NULL, '양파 1/2개를 채썰어주세요. 베이컨도 먹기 좋게 썰어줍니다.', 'cook_step_우유버터파스타_01.png', 1, 28),
	(173, NULL, NULL, '팬에 물 500ml, 우유 300ml, 버터 2조각(40g)을 넣은 뒤 파스타면을 바로 넣고 끓여주세요.\n (저지방, 무지방 우유 말고 그냥 우유를 사용하세요.)', 'cook_step_우유버터파스타_02.png', 2, 28),
	(174, NULL, NULL, '강불에 10분간 끓이고 불을 낮춰주세요.', 'cook_step_우유버터파스타_03.png', 3, 28),
	(175, NULL, NULL, '우유가 좀 꾸덕해지면 양파, 베이컨, 굴소스 1큰술을 넣고 중불로 10분간 끓여주세요.', 'cook_step_우유버터파스타_04.png', 4, 28),
	(176, NULL, NULL, '더 꾸덕해지면 다진마늘 1큰술도 넣어주세요.', 'cook_step_우유버터파스타_05.png', 5, 28),
	(177, NULL, NULL, '마무리로 후추, 파슬리, 파마산치즈가루를 뿌리면 완성(선택)', 'cook_step_우유버터파스타_06.png', 6, 28),
	(178, NULL, NULL, '김치와 삼겹살을 미리 한입크기로 잘게 잘라서 준비해주세요.', 'cook_step_삼겹살김치볶음_01.png', 1, 29),
	(179, NULL, NULL, '달군 팬에 올리브유 1큰술을 넣고 김치를 넣어 1분 정도 볶아주세요,', 'cook_step_삼겹살김치볶음_02.png', 2, 29),
	(180, NULL, NULL, '설탕 1큰술을 넣은 뒤 살짝 볶아주고 삼겹살을 넣어주세요.', 'cook_step_삼겹살김치볶음_03.png', 3, 29),
	(181, NULL, NULL, '삼겹살이 좀 익을 정도로 볶아주다가 간장을 2큰술 넣어주세요. 짜게 드시기 싫으시다면 1큰술만 넣어주세요.', 'cook_step_삼겹살김치볶음_04.png', 4, 29),
	(182, NULL, NULL, '불을 낮춰 간장을 졸여주며 볶아줍니다. 마지막으로 고춧가루 2ts을 넣어주세요.\n기호에 따라 고춧가루를 더 넣으셔도 됩니다.', 'cook_step_삼겹살김치볶음_05.png', 5, 29),
	(183, NULL, NULL, '완성!', 'cook_step_삼겹살김치볶음_06.png', 6, 29),
	(184, NULL, NULL, '대파, 파프리카, 양파를 썰어주세요.(대파: 송송 썰기 / 파프리카,양파: 깍둑썰기)\n소세지도 적당한 크기로 썰어주세요.\n파프리카 외 다른 채소로 대체할 수 있어요!', 'cook_step_케찹_오므라이스_01.png', 1, 30),
	(185, NULL, NULL, '팬에 식용유를 두르고 대파를 볶아 파기름을 내주세요. 파향이 고소하게 올라오면 양파를 넣고 볶습니다.', 'cook_step_케찹_오므라이스_02.png', 2, 30),
	(186, NULL, NULL, '양파가 반투명해지면 소세지를 넣고 볶습니다.', 'cook_step_케찹_오므라이스_03.png', 3, 30),
	(187, NULL, NULL, '마지막으로 파프리카를 넣은 후 소금과 후추로 간을 맞춰주세요.', 'cook_step_케찹_오므라이스_04.png', 4, 30),
	(188, NULL, NULL, '한 김 식은밥을 넣어서 잘 풀어준 뒤 케찹을 넣어 볶아주세요.', 'cook_step_케찹_오므라이스_05.png', 5, 30),
	(189, NULL, NULL, '인당 계란 3개를 풀어주세요. 팬에 기름을 두르고 계란물을 부어준 후 스크램블 애그를 만드는 것처럼 휘저어주세요.', 'cook_step_케찹_오므라이스_06.png', 6, 30),
	(190, NULL, NULL, '접시에 볶음밥을 담고 그 위에 계란이불을 덮어줍니다.', 'cook_step_케찹_오므라이스_07.png', 7, 30),
	(191, NULL, NULL, '마지막으로 케찹을 뿌려주면 완성', 'cook_step_케찹_오므라이스_08.png', 8, 30),
	(192, NULL, NULL, '양파를 동그랗게 자르고 분리하여 얇은 껍질을 최대한 제거해 주세요.', 'cook_step_어니언링_01.png', 1, 31),
	(193, NULL, NULL, '튀김가루 5스푼, 소금 1티스푼, 물 3스푼, 계란 1개를 넣고 잘 섞어주세요.', 'cook_step_어니언링_02.png', 2, 31),
	(194, NULL, NULL, '비닐봉지에 튀김가루와 양파를 넣고 잘 흔들어 준 뒤, 앞서 만든 반죽을 묻히고 빵가루를 충분히 입혀줍니다.', 'cook_step_어니언링_03.png', 3, 31),
	(195, NULL, NULL, '깊은 팬에 기름을 넉넉히 두르고 튀겨주면 완성.', 'cook_step_어니언링_04.png', 4, 31),
	(196, NULL, NULL, '식빵은 모두 테두리를 제거해 주세요', 'cook_step_에그샌드위치_01.png', 1, 32),
	(197, NULL, NULL, '계란을 모두 삶은 뒤, 으깨어 주세요. 그 후, 으깬 계란에 마요네즈, 머스타드, 후추를 잘 섞어 줍니다.', 'cook_step_에그샌드위치_02.png', 2, 32),
	(198, NULL, NULL, '식빵에 으깬 계란을 잘 발라 샌드위치로 만들면 완성', 'cook_step_에그샌드위치_03.png', 3, 32),
	(199, NULL, NULL, '대파를 줄기 방향으로 반으로 가른뒤 큼직하게 썰어주세요. 고추, 마늘, 삼겹살은 적당히 잘라주세요.', 'cook_step_제육볶음_01.png', 1, 33),
	(200, NULL, NULL, '손질한 삼겹살을 프라이 팬에 잘 깔아 준 뒤, 약불로 양면을 구워주세요. 기름이 충분히 나오지 않는다면 식용유를 살짝 넣어주세요.', 'cook_step_제육볶음_02.png', 1, 33),
	(201, NULL, NULL, '삼겹살을 구웠다면 마늘을 넣어주세요. 이때 기름이 너무 많다면 조금 빼주세요.', 'cook_step_제육볶음_03.png', 2, 33),
	(202, NULL, NULL, '마늘이 어느정도 익었다면 준비한 설탕을 넣어주세요. 설탕이 다 녹았다면 간장을 넣어주세요.', 'cook_step_제육볶음_04.png', 3, 33),
	(203, NULL, NULL, '간장이 끓는다면 손질한 대파와 고춧가루를 전부 넣어주세요. 이때 물의 양은 불의 세기에 따라 조절해서 넣어주세요.', 'cook_step_제육볶음_05.png', 4, 33),
	(204, NULL, NULL, '마지막으로 참기름을 살짝 둘러 마무리하면 완성', 'cook_step_제육볶음_06.png', 5, 33),
	(205, NULL, NULL, '채소는 먹기 좋은 크기로 썰어 주세요.', 'cook_step_소세지야채볶음_01.png', 1, 34),
	(206, NULL, NULL, '소세지는 끓는 물에 데쳐 주세요.', 'cook_step_소세지야채볶음_02.png', 2, 34),
	(207, NULL, NULL, '팬에 채소를 볶아주세요. 소금, 후추로 간을 합니다.', 'cook_step_소세지야채볶음_03.png', 3, 34),
	(208, NULL, NULL, '중간에 데친 소세지를 넣고 볶아주고 치즈를 살짝 얹으면 완성. 치즈는 없어도 됩니다.', 'cook_step_소세지야채볶음_04.png', 4, 34),
	(209, NULL, NULL, '연어는 키친타올로 물기를 제거한 뒤, 껍질을 벗기고 한입 크기로 썰어 주세요.', 'cook_step_연어장_01.png', 1, 35),
	(210, NULL, NULL, '간장 1컵, 설탕 0.5컵을 냄비에 넣고 설탕이 녹을 때 까지 가열하고 식혀줍니다.', 'cook_step_연어장_02.png', 2, 35),
	(211, NULL, NULL, '양파도 한입 크기로 썰어 준 뒤, 유리통에 연어와 양파를 깔아줍니다. 충분히 식힌 간장을 부어주면 완성', 'cook_step_연어장_03.png', 3, 35),
	(212, NULL, NULL, '오이 3개를 한입 크기로 썰어줍니다.', 'cook_step_오이무침_01.png', 1, 36),
	(213, NULL, NULL, '간장 2스푼, 설탕 1티스푼, 식초 1티스푼, 참기름 1티스푼을 오이에 넣고 잘 버무려 줍니다.', 'cook_step_오이무침_02.png', 2, 36),
	(214, NULL, NULL, '만약 다진 마늘이 있다면 0.5스푼을 넣고 버무리면 완성', 'cook_step_오이무침_03.png', 3, 36),
	(215, NULL, NULL, '고추장, 설탕, 간장, 간마늘, 고춧가루, 맛술을 1스푼씩 같은 비율로 모두 넣고 섞어 줍니다. 만든 양념장은 냉장고에서 3시간 이상 숙성시키면 더 맛있어요.', 'cook_step_닭갈비_01.png', 1, 37),
	(216, NULL, NULL, '닭 정육과 준비한 채소도 전부 먹기 좋은 크기로 잘라주세요.', 'cook_step_닭갈비_02.png', 2, 37),
	(217, NULL, NULL, '자른 닭고기와 채소, 양념을 버무려 주세요. 후추와 참기름이 있다면 같이 넣어주세요.', 'cook_step_닭갈비_03.png', 3, 37),
	(218, NULL, NULL, '중불에서 양념이 타지 않게 물을 살짝 넣어가며 익히면 완성.', 'cook_step_닭갈비_04.png', 4, 37),
	(219, NULL, NULL, '마늘을 다져 준 뒤, 고추장, 간장, 설탕을 잘 섞어주세요.', 'cook_step_고추장삼겹살_01.png', 1, 38),
	(220, NULL, NULL, '팬에서 삼겹살을 먼저 익히고 양념을 발라 더 익혀주면 완성', 'cook_step_고추장삼겹살_01.png', 2, 38),
	(221, NULL, NULL, '계란을 전부 삶아서 껍질을 깝니다.', 'cook_step_계란장조림_01.png', 1, 39),
	(222, NULL, NULL, '물 1리터, 간장 1.5컵, 설탕 0.7컵, 물엿 0.25컵을 넣고 가열하여 녹여주세요. 물엿이 없다면 설탕은 1컵을 사용합니다.', 'cook_step_계란장조림_02.png', 2, 39),
	(223, NULL, NULL, '녹인 간장 소스에 계란을 넣고 색이 마음에 들 때까지 약 30분 간 끓여줍니다.', 'cook_step_계란장조림_03.png', 3, 39),
	(224, NULL, NULL, '꽈리고추는 이쑤시개로 구멍을 송송 뚫어주세요. 마늘은 편으로 썰어주세요.', 'cook_step_계란장조림_04.png', 4, 39),
	(225, NULL, NULL, '준비한 고추와 마늘은 넣고 약 1분간 더 끓여주세요. 충분히 식힌 뒤, 통에 넣으면 완성', 'cook_step_계란장조림_05.png', 5, 39),
	(226, NULL, NULL, '중불에서 만두 바닥을 익히고 약불로 줄여줍니다. 물 0.5컵을 넣고 뚜껑을 닫아 줍니다.', 'cook_step_군만두_01.png', 1, 40),
	(227, NULL, NULL, '물이 졸 때까지 약불로 굽습니다.', 'cook_step_군만두_02.png', 2, 40),
	(228, NULL, NULL, '간장, 식초, 물을 같은 비율로 섞어 주면 완성. 고춧가루도 기호에 따라 넣어주세요.', 'cook_step_군만두_03.png', 3, 40),
	(229, NULL, NULL, '스팸을 적당한 크기로 썰어준다.', 'cook_step_부대찌개_1.png', 1, 41),
	(230, NULL, NULL, '두부를 적당한 크기로 썰어준다.', 'cook_step_부대찌개_2.png', 2, 41),
	(231, NULL, NULL, '양파, 대파를 적당한 크기로 썰어준다.', 'cook_step_부대찌개_3.png', 3, 41),
	(232, NULL, NULL, '준비한 재료들을 냄비에 종류별로 담아준다.', 'cook_step_부대찌개_4.png', 4, 41),
	(233, NULL, NULL, '물 800ml를 부어준다.', 'cook_step_부대찌개_5.png', 5, 41),
	(234, NULL, NULL, '간장 3큰술, 고추장 1큰술, 고춧가루 2큰술, 다진마늘 1큰술, 맛술 1큰술, 설탕 1큰술을 넣어준다.', 'cook_step_부대찌개_6.png', 6, 41),
	(235, NULL, NULL, '센불로 끓이다가 끓으면 중불로 끓여준다.', 'cook_step_부대찌개_7.png', 7, 41),
	(236, NULL, NULL, '재료들이 익으면 먹기 직전에 라면사리, 만두를 넣어 끓여준다.', 'cook_step_부대찌개_8.png', 8, 41),
	(237, NULL, NULL, '대파를 적당한 크기로 썰어준다.', 'cook_step_계란볶음밥_1.png', 1, 42),
	(238, NULL, NULL, '양파를 적당한 크기로 썰어준다.', 'cook_step_계란볶음밥_2.png', 2, 42),
	(239, NULL, NULL, '그릇에 밥 1공기를 담아준다.', 'cook_step_계란볶음밥_3.png', 3, 42),
	(240, NULL, NULL, '계란 2개를 넣어준다.', 'cook_step_계란볶음밥_4.png', 4, 42),
	(241, NULL, NULL, '밥과 계란을 잘 섞어준다.', 'cook_step_계란볶음밥_5.png', 5, 42),
	(242, NULL, NULL, '프라이팬에 식용유를 적당히 부어준다.', 'cook_step_계란볶음밥_6.png', 6, 42),
	(243, NULL, NULL, '대파를 넣고 파기름이 날 수 있도록 볶아준다.', 'cook_step_계란볶음밥_7.png', 7, 42),
	(244, NULL, NULL, '양파를 넣고 같이 볶아준다.', 'cook_step_계란볶음밥_8.png', 8, 42),
	(245, NULL, NULL, '간장 1큰술을 넣어준다.', 'cook_step_계란볶음밥_9.png', 9, 42),
	(246, NULL, NULL, '밥을 넣고 밥알이 서로 분리될 때까지 잘 볶아준다.', 'cook_step_계란볶음밥_10.png', 10, 42),
	(247, NULL, NULL, '뚝배기에 계란 3개를 넣어준다.', 'cook_step_계란찜_1.png', 1, 43),
	(248, NULL, NULL, '물 1컵을 부어준다.', 'cook_step_계란찜_2.png', 2, 43),
	(249, NULL, NULL, '소금 1/3큰술을 넣어준다.', 'cook_step_계란찜_3.png', 3, 43),
	(250, NULL, NULL, '물과 계란을 잘 섞어준다.', 'cook_step_계란찜_4.png', 4, 43),
	(251, NULL, NULL, '센불에 올려준다.', 'cook_step_계란찜_5.png', 5, 43),
	(252, NULL, NULL, '끓이면서 계속 저어준다.', 'cook_step_계란찜_6.png', 6, 43),
	(253, NULL, NULL, '뚜껑을 덮고 2~3분간 기다린다.', 'cook_step_계란찜_7.png', 7, 43),
	(254, NULL, NULL, '대파를 위에 올려준다.', 'cook_step_계란찜_8.png', 8, 43),
	(255, NULL, NULL, '마늘을 얇게 편으로 썰어준다.', 'cook_step_감바스_1.png', 1, 44),
	(256, NULL, NULL, '프라이팬에 올리브유 1컵을 넣어준다.', 'cook_step_감바스_2.png', 2, 44),
	(257, NULL, NULL, '다진마늘 1큰술을 넣어준다.', 'cook_step_감바스_3.png', 3, 44),
	(258, NULL, NULL, '마늘을 넣고 투명해질 때까지 볶아준다.', 'cook_step_감바스_4.png', 4, 44),
	(259, NULL, NULL, '마늘이 투명해지면 새우를 넣어준다.', 'cook_step_감바스_5.png', 5, 44),
	(260, NULL, NULL, '바지락을 넣어준다.', 'cook_step_감바스_6.png', 6, 44),
	(261, NULL, NULL, '소금 1작은술, 후추 1/3작은술을 넣어준다.', 'cook_step_감바스_7.png', 7, 44),
	(262, NULL, NULL, '파슬리 1/3작은술을 뿌려준다.', 'cook_step_감바스_8.png', 8, 44),
	(263, NULL, NULL, '계란을 삶아준다.', 'cook_step_계란샐러드_1.png', 1, 45),
	(264, NULL, NULL, '감자, 양파, 당근를 적당한 크기로 썰어준다.', 'cook_step_계란샐러드_2.png', 2, 45),
	(265, NULL, NULL, '감자를 찜기에 넣어 쪄준다.', 'cook_step_계란샐러드_3.png', 3, 45),
	(266, NULL, NULL, '삶은 계란 껍질을 까준다.', 'cook_step_계란샐러드_4.png', 4, 45),
	(267, NULL, NULL, '삶은 계란 노른자를 분리해준다.', 'cook_step_계란샐러드_5.png', 5, 45),
	(268, NULL, NULL, '흰자를 잘게 썰어준다.', 'cook_step_계란샐러드_6.png', 6, 45),
	(269, NULL, NULL, '흰자, 노른자, 찐 감자를 같이 섞어준다.', 'cook_step_계란샐러드_7.png', 7, 45),
	(270, NULL, NULL, '소금 1/3작은술, 후추 1/3작은술을 넣어 간을 한다.', 'cook_step_계란샐러드_8.png', 8, 45),
	(271, NULL, NULL, '양파와 당근을 볶아준다.', 'cook_step_계란샐러드_9.png', 9, 45),
	(272, NULL, NULL, '양파와 당근, 마요네즈를 넣어 섞어준다.', 'cook_step_계란샐러드_10.png', 10, 45),
	(273, NULL, NULL, '파슬리 1/3작은술을 넣어 마무리한다.', 'cook_step_계란샐러드_11.png', 11, 45),
	(274, NULL, NULL, '토마토를 적당한 크기로 썰어준다.', 'cook_step_토마토계란탕_1.png', 1, 46),
	(275, NULL, NULL, '대파와 쪽파를 적당한 크기로 썰어준다.', 'cook_step_토마토계란탕_2.png', 2, 46),
	(276, NULL, NULL, '계란 3개를 넣고 잘 풀어준다.', 'cook_step_토마토계란탕_3.png', 3, 46),
	(277, NULL, NULL, '프라이팬에 식용유 2큰술, 참기름 1큰술, 대파를 넣고 잘 볶아준다.', 'cook_step_토마토계란탕_4.png', 4, 46),
	(278, NULL, NULL, '토마토를 넣어 같이 볶아준다.', 'cook_step_토마토계란탕_5.png', 5, 46),
	(279, NULL, NULL, '물 1L를 부어준다.', 'cook_step_토마토계란탕_6.png', 6, 46),
	(280, NULL, NULL, '끓이면서 계란물을 조금씩 풀어준다.', 'cook_step_토마토계란탕_7.png', 7, 46),
	(281, NULL, NULL, '소금 1/2큰술을 넣어준다.', 'cook_step_토마토계란탕_8.png', 8, 46),
	(282, NULL, NULL, '전분물(전분 1 : 물 4)을 넣어 농도를 조절해준다.', 'cook_step_토마토계란탕_9.png', 9, 46),
	(283, NULL, NULL, '쪽파와 후추 1/3작은술을 넣고 마무리해준다.', 'cook_step_토마토계란탕_10.png', 10, 46),
	(284, NULL, NULL, '양파를 적당한 크기로 썰어준다.', 'cook_step_크래미유부초밥_1.png', 1, 47),
	(285, NULL, NULL, '오이를 적당한 크기로 썰어준다.', 'cook_step_크래미유부초밥_2.png', 2, 47),
	(286, NULL, NULL, '크래미는 손으로 잘게 찢어준다.', 'cook_step_크래미유부초밥_3.png', 3, 47),
	(287, NULL, NULL, '밥 한공기에 유부초밥 내용물을 넣고 잘 섞어준다.', 'cook_step_크래미유부초밥_4.png', 4, 47),
	(288, NULL, NULL, '썰어 둔 크래미, 양파, 오이에 마요네즈 3큰술을 넣고 섞어준다.', 'cook_step_크래미유부초밥_5.png', 5, 47),
	(289, NULL, NULL, '머스터드 1작은술, 후추 1/3작은술을 넣고 잘 섞어준다.', 'cook_step_크래미유부초밥_6.png', 6, 47),
	(290, NULL, NULL, '유부에 밥을 잘 넣어주고 잘 섞은 크래미를 얹어 마무리해준다.', 'cook_step_크래미유부초밥_7.png', 7, 47),
	(291, NULL, NULL, '양파를 적당한 크기로 썰어준다.', 'cook_step_삼겹살두부김치_1.png', 1, 48),
	(292, NULL, NULL, '대파 흰 부분과 파란 부분을 적당한 크기로 썰어준다.', 'cook_step_삼겹살두부김치_2.png', 2, 48),
	(293, NULL, NULL, '김치를 적당한 크기로 썰어준다.', 'cook_step_삼겹살두부김치_3.png', 3, 48),
	(294, NULL, NULL, '삼겹살을 구워준다.', 'cook_step_삼겹살두부김치_4.png', 4, 48),
	(295, NULL, NULL, '구운 삼겹살에 양파와 대파 흰 부분, 마늘, 후추 1/3작은술을 넣고 볶아준다.', 'cook_step_삼겹살두부김치_5.png', 5, 48),
	(296, NULL, NULL, '김치를 넣고 볶아준다.', 'cook_step_삼겹살두부김치_6.png', 6, 48),
	(297, NULL, NULL, '참기름 2큰술, 올리고당 1큰술, 설탕 1큰술을 넣고 김치가 나른해질때까지 볶는다.', 'cook_step_삼겹살두부김치_7.png', 7, 48),
	(298, NULL, NULL, '대파 파란 부분을 넣고 같이 볶아준다.', 'cook_step_삼겹살두부김치_8.png', 8, 48),
	(299, NULL, NULL, '통깨를 뿌려준다.', 'cook_step_삼겹살두부김치_9.png', 9, 48),
	(300, NULL, NULL, '끓는 물에 두부를 2분간 넣어준다.', 'cook_step_삼겹살두부김치_10.png', 10, 48),
	(301, NULL, NULL, '두부를 적당한 크기로 썰어준다.', 'cook_step_삼겹살두부김치_11.png', 11, 48),
	(302, NULL, NULL, '볶은 삼겹살, 김치와 두부를 같이 올려 마무리한다.', 'cook_step_삼겹살두부김치_12.png', 12, 48),
	(303, NULL, NULL, '마늘쫑을 적당한 크기로 썰어준다.', 'cook_step_마늘쫑새우볶음_1.png', 1, 49),
	(304, NULL, NULL, '칵테일 새우를 손질한다.', 'cook_step_마늘쫑새우볶음_2.png', 2, 49),
	(305, NULL, NULL, '프라이팬에 식용유 1/2큰술을 넣고 마늘쫑을 넣는다.', 'cook_step_마늘쫑새우볶음_3.png', 3, 49),
	(306, NULL, NULL, '마늘쫑을 볶아준다.', 'cook_step_마늘쫑새우볶음_4.png', 4, 49),
	(307, NULL, NULL, '물 1/2큰술, 간장 1큰술, 굴소스 1/2큰술을 넣고 볶아준다.', 'cook_step_마늘쫑새우볶음_5.png', 5, 49),
	(308, NULL, NULL, '올리고당 1큰술, 맛술 1큰술을 넣고 볶아준다.', 'cook_step_마늘쫑새우볶음_6.png', 6, 49),
	(309, NULL, NULL, '볶은 마늘쫑에 칵테일 새우를 넣어준다.', 'cook_step_마늘쫑새우볶음_7.png', 7, 49),
	(310, NULL, NULL, '통깨를 1/2큰술 뿌려서 마무리한다.', 'cook_step_마늘쫑새우볶음_8.png', 8, 49),
	(311, NULL, NULL, '그릇에 계란 4개를 깨서 넣어준다.', 'cook_step_계란말이_1.png', 1, 50),
	(312, NULL, NULL, '소금 1/3작은술을 넣고 잘 섞어준다.', 'cook_step_계란말이_2.png', 2, 50),
	(313, NULL, NULL, '당근, 양파를 적당한 크기르 썰어준다.', 'cook_step_계란말이_3.png', 3, 50),
	(314, NULL, NULL, '계란물에 당근과 양파를 넣고 잘 섞어준다.', 'cook_step_계란말이_4.png', 4, 50),
	(315, NULL, NULL, '약한 불에 프라이팬을 예열해준다.', 'cook_step_계란말이_5.png', 5, 50),
	(316, NULL, NULL, '계란물을 예열한 프라이팬에 부어준다.', 'cook_step_계란말이_6.png', 6, 50),
	(317, NULL, NULL, '끝을 조금씩 말아가면서 계란말이를 만든다.', 'cook_step_계란말이_7.png', 7, 50),
	(318, NULL, NULL, '남은 계란물을 조금씩 부어가면서 계란말이를 크게 만든다.', 'cook_step_계란말이_8.png', 8, 50),
	(319, NULL, NULL, '계란말이를 적당한 크기로 썰어서 마무리한다.', 'cook_step_계란말이_9.png', 9, 50);
/*!40000 ALTER TABLE `recipe_process` ENABLE KEYS */;

-- 테이블 pocket_fridge.refrigerator 구조 내보내기
CREATE TABLE IF NOT EXISTS `refrigerator` (
  `refrigereator_id` bigint(20) NOT NULL AUTO_INCREMENT,
  `created_date` datetime(6) DEFAULT NULL,
  `modified_date` datetime(6) DEFAULT NULL,
  `refrigerator_name` varchar(255) DEFAULT NULL,
  PRIMARY KEY (`refrigereator_id`)
) ENGINE=InnoDB AUTO_INCREMENT=7 DEFAULT CHARSET=utf8mb4;

-- 테이블 데이터 pocket_fridge.refrigerator:~5 rows (대략적) 내보내기
/*!40000 ALTER TABLE `refrigerator` DISABLE KEYS */;
INSERT IGNORE INTO `refrigerator` (`refrigereator_id`, `created_date`, `modified_date`, `refrigerator_name`) VALUES
	(1, '2022-05-19 03:16:38.247125', '2022-05-19 03:16:38.247125', '기본 냉장고'),
	(3, '2022-05-19 06:09:28.902266', '2022-05-19 06:09:28.902266', '내 냉장고'),
	(4, '2022-05-19 12:06:34.231472', '2022-05-19 12:06:34.231472', 'fridge'),
	(5, '2022-05-19 13:06:33.702252', '2022-05-19 13:06:33.702252', '내 냉장고'),
	(6, '2022-05-19 13:10:10.007858', '2022-05-19 13:10:20.707507', '세번째');
/*!40000 ALTER TABLE `refrigerator` ENABLE KEYS */;

-- 테이블 pocket_fridge.sub_category 구조 내보내기
CREATE TABLE IF NOT EXISTS `sub_category` (
  `sub_category_id` bigint(20) NOT NULL AUTO_INCREMENT,
  `created_date` datetime(6) DEFAULT NULL,
  `modified_date` datetime(6) DEFAULT NULL,
  `sub_category_name` varchar(255) DEFAULT NULL,
  `sub_category_url` varchar(255) DEFAULT NULL,
  `main_category_id` bigint(20) DEFAULT NULL,
  PRIMARY KEY (`sub_category_id`),
  KEY `FK753xnmtixdl7hf7c7h3hsjuam` (`main_category_id`),
  CONSTRAINT `FK753xnmtixdl7hf7c7h3hsjuam` FOREIGN KEY (`main_category_id`) REFERENCES `main_category` (`main_category_id`)
) ENGINE=InnoDB AUTO_INCREMENT=266 DEFAULT CHARSET=utf8mb4;

-- 테이블 데이터 pocket_fridge.sub_category:~265 rows (대략적) 내보내기
/*!40000 ALTER TABLE `sub_category` DISABLE KEYS */;
INSERT IGNORE INTO `sub_category` (`sub_category_id`, `created_date`, `modified_date`, `sub_category_name`, `sub_category_url`, `main_category_id`) VALUES
	(1, NULL, NULL, '가지', 'icon_sub_category_1.png', 1),
	(2, NULL, NULL, '감자', 'icon_sub_category_2.png', 1),
	(3, NULL, NULL, '고구마', 'icon_sub_category_3.png', 1),
	(4, NULL, NULL, '고사리', 'icon_sub_category_4.png', 1),
	(5, NULL, NULL, '고추', 'icon_sub_category_5.png', 1),
	(6, NULL, NULL, '곤드레', 'icon_sub_category_6.png', 1),
	(7, NULL, NULL, '깻잎', 'icon_sub_category_7.png', 1),
	(8, NULL, NULL, '나물', 'icon_sub_category_8.png', 1),
	(9, NULL, NULL, '단호박', 'icon_sub_category_9.png', 1),
	(10, NULL, NULL, '당근', 'icon_sub_category_10.png', 1),
	(11, NULL, NULL, '도라지', 'icon_sub_category_11.png', 1),
	(12, NULL, NULL, '마늘', 'icon_sub_category_12.png', 1),
	(13, NULL, NULL, '무', 'icon_sub_category_13.png', 1),
	(14, NULL, NULL, '미나리', 'icon_sub_category_14.png', 1),
	(15, NULL, NULL, '배추', 'icon_sub_category_15.png', 1),
	(16, NULL, NULL, '버섯', 'icon_sub_category_16.png', 1),
	(17, NULL, NULL, '부추', 'icon_sub_category_17.png', 1),
	(18, NULL, NULL, '브로콜리', 'icon_sub_category_18.png', 1),
	(19, NULL, NULL, '상추', 'icon_sub_category_19.png', 1),
	(20, NULL, NULL, '새송이버섯', 'icon_sub_category_20.png', 1),
	(21, NULL, NULL, '새싹채소', 'icon_sub_category_21.png', 1),
	(22, NULL, NULL, '생강', 'icon_sub_category_22.png', 1),
	(23, NULL, NULL, '숙주', 'icon_sub_category_23.png', 1),
	(24, NULL, NULL, '시금치', 'icon_sub_category_24.png', 1),
	(25, NULL, NULL, '아스파라거스', 'icon_sub_category_25.png', 1),
	(26, NULL, NULL, '애호박', 'icon_sub_category_26.png', 1),
	(27, NULL, NULL, '양배추', 'icon_sub_category_27.png', 1),
	(28, NULL, NULL, '양상추', 'icon_sub_category_28.png', 1),
	(29, NULL, NULL, '양송이버섯', 'icon_sub_category_29.png', 1),
	(30, NULL, NULL, '양파', 'icon_sub_category_30.png', 1),
	(31, NULL, NULL, '연근', 'icon_sub_category_31.png', 1),
	(32, NULL, NULL, '오이', 'icon_sub_category_32.png', 1),
	(33, NULL, NULL, '옥수수', 'icon_sub_category_33.png', 1),
	(34, NULL, NULL, '우엉', 'icon_sub_category_34.png', 1),
	(35, NULL, NULL, '청경채', 'icon_sub_category_35.png', 1),
	(36, NULL, NULL, '콩나물', 'icon_sub_category_36.png', 1),
	(37, NULL, NULL, '토마토', 'icon_sub_category_37.png', 1),
	(38, NULL, NULL, '파', 'icon_sub_category_38.png', 1),
	(39, NULL, NULL, '파프리카', 'icon_sub_category_39.png', 1),
	(40, NULL, NULL, '팽이버섯', 'icon_sub_category_40.png', 1),
	(41, NULL, NULL, '표고버섯', 'icon_sub_category_41.png', 1),
	(42, NULL, NULL, '피망', 'icon_sub_category_42.png', 1),
	(43, NULL, NULL, '호박', 'icon_sub_category_43.png', 1),
	(44, NULL, NULL, '대파', 'icon_sub_category_44.png', 1),
	(45, NULL, NULL, '건고추', 'icon_sub_category_45.png', 1),
	(46, NULL, NULL, '청양고추', 'icon_sub_category_46.png', 1),
	(47, NULL, NULL, '쪽파', 'icon_sub_category_47.png', 1),
	(48, NULL, NULL, '닭', 'icon_sub_category_48.png', 2),
	(49, NULL, NULL, '닭-정육', 'icon_sub_category_49.png', 2),
	(50, NULL, NULL, '닭-가슴살', 'icon_sub_category_50.png', 2),
	(51, NULL, NULL, '돼지고기', 'icon_sub_category_51.png', 2),
	(52, NULL, NULL, '돼지고기-삼겹살', 'icon_sub_category_52.png', 2),
	(53, NULL, NULL, '돼지고기-목살', 'icon_sub_category_53.png', 2),
	(54, NULL, NULL, '돼지고기-앞다리', 'icon_sub_category_54.png', 2),
	(55, NULL, NULL, '돼지고기-뒷다리', 'icon_sub_category_55.png', 2),
	(56, NULL, NULL, '돼지고기-안심', 'icon_sub_category_56.png', 2),
	(57, NULL, NULL, '돼지고기-등심', 'icon_sub_category_57.png', 2),
	(58, NULL, NULL, '소고기', 'icon_sub_category_58.png', 2),
	(59, NULL, NULL, '소고기-안심', 'icon_sub_category_59.png', 2),
	(60, NULL, NULL, '소고기-등심', 'icon_sub_category_60.png', 2),
	(61, NULL, NULL, '소고기-채끝', 'icon_sub_category_61.png', 2),
	(62, NULL, NULL, '소고기-국거리', 'icon_sub_category_62.png', 2),
	(63, NULL, NULL, '양고기', 'icon_sub_category_63.png', 2),
	(64, NULL, NULL, '오리고기', 'icon_sub_category_64.png', 2),
	(65, NULL, NULL, '소고기-불고기', 'icon_sub_category_65.png', 2),
	(66, NULL, NULL, '돼지고기-불고기', 'icon_sub_category_66.png', 2),
	(67, NULL, NULL, '대패삼겹살', 'icon_sub_category_67.png', 2),
	(68, NULL, NULL, '게', 'icon_sub_category_68.png', 3),
	(69, NULL, NULL, '미역', 'icon_sub_category_69.png', 3),
	(70, NULL, NULL, '새우', 'icon_sub_category_70.png', 3),
	(71, NULL, NULL, '생선', 'icon_sub_category_71.png', 3),
	(72, NULL, NULL, '고등어', 'icon_sub_category_72.png', 3),
	(73, NULL, NULL, '갈치', 'icon_sub_category_73.png', 3),
	(74, NULL, NULL, '꽁치', 'icon_sub_category_74.png', 3),
	(75, NULL, NULL, '멸치', 'icon_sub_category_75.png', 3),
	(76, NULL, NULL, '오징어', 'icon_sub_category_76.png', 3),
	(77, NULL, NULL, '문어', 'icon_sub_category_77.png', 3),
	(78, NULL, NULL, '조개', 'icon_sub_category_78.png', 3),
	(79, NULL, NULL, '굴', 'icon_sub_category_79.png', 3),
	(80, NULL, NULL, '다시마', 'icon_sub_category_80.png', 3),
	(81, NULL, NULL, '바지락', 'icon_sub_category_81.png', 3),
	(82, NULL, NULL, '전복', 'icon_sub_category_82.png', 3),
	(83, NULL, NULL, '주꾸미', 'icon_sub_category_83.png', 3),
	(84, NULL, NULL, '조기', 'icon_sub_category_84.png', 3),
	(85, NULL, NULL, '회', 'icon_sub_category_85.png', 3),
	(86, NULL, NULL, '연어', 'icon_sub_category_86.png', 3),
	(87, NULL, NULL, '햄', 'icon_sub_category_87.png', 4),
	(88, NULL, NULL, '소세지', 'icon_sub_category_88.png', 4),
	(89, NULL, NULL, '닭꼬치', 'icon_sub_category_89.png', 4),
	(90, NULL, NULL, '양꼬치', 'icon_sub_category_90.png', 4),
	(91, NULL, NULL, '불고기', 'icon_sub_category_91.png', 4),
	(92, NULL, NULL, '제육', 'icon_sub_category_92.png', 4),
	(93, NULL, NULL, '베이컨', 'icon_sub_category_93.png', 4),
	(94, NULL, NULL, '육포', 'icon_sub_category_94.png', 4),
	(95, NULL, NULL, '양념육류', 'icon_sub_category_95.png', 4),
	(96, NULL, NULL, '튀김', 'icon_sub_category_96.png', 4),
	(97, NULL, NULL, '돈까스', 'icon_sub_category_97.png', 4),
	(98, NULL, NULL, '치킨까스', 'icon_sub_category_98.png', 4),
	(99, NULL, NULL, '생선까스', 'icon_sub_category_99.png', 4),
	(100, NULL, NULL, '사골', 'icon_sub_category_100.png', 4),
	(101, NULL, NULL, '미트볼', 'icon_sub_category_101.png', 4),
	(102, NULL, NULL, '참치캔', 'icon_sub_category_102.png', 5),
	(103, NULL, NULL, '꽁치캔', 'icon_sub_category_103.png', 5),
	(104, NULL, NULL, '골뱅이', 'icon_sub_category_104.png', 5),
	(105, NULL, NULL, '어묵', 'icon_sub_category_105.png', 5),
	(106, NULL, NULL, '젓갈', 'icon_sub_category_106.png', 5),
	(107, NULL, NULL, '건어물', 'icon_sub_category_107.png', 5),
	(108, NULL, NULL, '조미김', 'icon_sub_category_108.png', 5),
	(109, NULL, NULL, '한천', 'icon_sub_category_109.png', 5),
	(110, NULL, NULL, '면', 'icon_sub_category_110.png', 6),
	(111, NULL, NULL, '라면', 'icon_sub_category_111.png', 6),
	(112, NULL, NULL, '소면', 'icon_sub_category_112.png', 6),
	(113, NULL, NULL, '파스타면', 'icon_sub_category_113.png', 6),
	(114, NULL, NULL, '당면', 'icon_sub_category_114.png', 6),
	(115, NULL, NULL, '냉면', 'icon_sub_category_115.png', 6),
	(116, NULL, NULL, '쫄면', 'icon_sub_category_116.png', 6),
	(117, NULL, NULL, '두부', 'icon_sub_category_117.png', 6),
	(118, NULL, NULL, '떡', 'icon_sub_category_118.png', 6),
	(119, NULL, NULL, '가래떡', 'icon_sub_category_119.png', 6),
	(120, NULL, NULL, '밀가루', 'icon_sub_category_120.png', 6),
	(121, NULL, NULL, '부침가루', 'icon_sub_category_121.png', 6),
	(122, NULL, NULL, '튀김가루', 'icon_sub_category_122.png', 6),
	(123, NULL, NULL, '김치', 'icon_sub_category_123.png', 6),
	(124, NULL, NULL, '배추김치', 'icon_sub_category_124.png', 6),
	(125, NULL, NULL, '깍두기', 'icon_sub_category_125.png', 6),
	(126, NULL, NULL, '총각김치', 'icon_sub_category_126.png', 6),
	(127, NULL, NULL, '파김치', 'icon_sub_category_127.png', 6),
	(128, NULL, NULL, '밀키트', 'icon_sub_category_128.png', 6),
	(129, NULL, NULL, '만두', 'icon_sub_category_129.png', 6),
	(130, NULL, NULL, '만두피', 'icon_sub_category_130.png', 6),
	(131, NULL, NULL, '또띠아', 'icon_sub_category_131.png', 6),
	(132, NULL, NULL, '과일통조림', 'icon_sub_category_132.png', 6),
	(133, NULL, NULL, '복숭아통조림', 'icon_sub_category_133.png', 6),
	(134, NULL, NULL, '건조과일', 'icon_sub_category_134.png', 6),
	(135, NULL, NULL, '미숫가루', 'icon_sub_category_135.png', 6),
	(136, NULL, NULL, '절임', 'icon_sub_category_136.png', 6),
	(137, NULL, NULL, '단무지', 'icon_sub_category_137.png', 6),
	(138, NULL, NULL, '피클', 'icon_sub_category_138.png', 6),
	(139, NULL, NULL, '장아찌', 'icon_sub_category_139.png', 6),
	(140, NULL, NULL, '핫도그', 'icon_sub_category_140.png', 6),
	(141, NULL, NULL, '치킨', 'icon_sub_category_141.png', 6),
	(142, NULL, NULL, '피자', 'icon_sub_category_142.png', 6),
	(143, NULL, NULL, '씨리얼', 'icon_sub_category_143.png', 6),
	(144, NULL, NULL, '빵', 'icon_sub_category_144.png', 6),
	(145, NULL, NULL, '옥수수통조림', 'icon_sub_category_145.png', 6),
	(146, NULL, NULL, '모닝빵', 'icon_sub_category_146.png', 6),
	(147, NULL, NULL, '국수', 'icon_sub_category_147.png', 6),
	(148, NULL, NULL, '떡볶이 떡', 'icon_sub_category_148.png', 6),
	(149, NULL, NULL, '스파게티면', 'icon_sub_category_149.png', 6),
	(150, NULL, NULL, '쌀', 'icon_sub_category_150.png', 7),
	(151, NULL, NULL, '찹쌀', 'icon_sub_category_151.png', 7),
	(152, NULL, NULL, '보리', 'icon_sub_category_152.png', 7),
	(153, NULL, NULL, '조', 'icon_sub_category_153.png', 7),
	(154, NULL, NULL, '수수', 'icon_sub_category_154.png', 7),
	(155, NULL, NULL, '콩', 'icon_sub_category_155.png', 7),
	(156, NULL, NULL, '검은콩', 'icon_sub_category_156.png', 7),
	(157, NULL, NULL, '팥', 'icon_sub_category_157.png', 7),
	(158, NULL, NULL, '땅콩', 'icon_sub_category_158.png', 7),
	(159, NULL, NULL, '밤', 'icon_sub_category_159.png', 7),
	(160, NULL, NULL, '아몬드', 'icon_sub_category_160.png', 7),
	(161, NULL, NULL, '호두', 'icon_sub_category_161.png', 7),
	(162, NULL, NULL, '피스타치오', 'icon_sub_category_162.png', 7),
	(163, NULL, NULL, '견과류', 'icon_sub_category_163.png', 7),
	(164, NULL, NULL, '깨', 'icon_sub_category_164.png', 7),
	(165, NULL, NULL, '잣', 'icon_sub_category_165.png', 7),
	(166, NULL, NULL, '캐슈넛', 'icon_sub_category_166.png', 7),
	(167, NULL, NULL, '은행', 'icon_sub_category_167.png', 7),
	(168, NULL, NULL, '대추', 'icon_sub_category_168.png', 7),
	(169, NULL, NULL, '해바라기씨', 'icon_sub_category_169.png', 7),
	(170, NULL, NULL, '사과', 'icon_sub_category_170.png', 8),
	(171, NULL, NULL, '배', 'icon_sub_category_171.png', 8),
	(172, NULL, NULL, '포도', 'icon_sub_category_172.png', 8),
	(173, NULL, NULL, '파인애플', 'icon_sub_category_173.png', 8),
	(174, NULL, NULL, '감', 'icon_sub_category_174.png', 8),
	(175, NULL, NULL, '참외', 'icon_sub_category_175.png', 8),
	(176, NULL, NULL, '수박', 'icon_sub_category_176.png', 8),
	(177, NULL, NULL, '딸기', 'icon_sub_category_177.png', 8),
	(178, NULL, NULL, '멜론', 'icon_sub_category_178.png', 8),
	(179, NULL, NULL, '복숭아', 'icon_sub_category_179.png', 8),
	(180, NULL, NULL, '망고', 'icon_sub_category_180.png', 8),
	(181, NULL, NULL, '체리', 'icon_sub_category_181.png', 8),
	(182, NULL, NULL, '블루베리', 'icon_sub_category_182.png', 8),
	(183, NULL, NULL, '아보카도', 'icon_sub_category_183.png', 8),
	(184, NULL, NULL, '귤', 'icon_sub_category_184.png', 8),
	(185, NULL, NULL, '오렌지', 'icon_sub_category_185.png', 8),
	(186, NULL, NULL, '레몬', 'icon_sub_category_186.png', 8),
	(187, NULL, NULL, '바나나', 'icon_sub_category_187.png', 8),
	(188, NULL, NULL, '키위', 'icon_sub_category_188.png', 8),
	(189, NULL, NULL, '자몽', 'icon_sub_category_189.png', 8),
	(190, NULL, NULL, '유자', 'icon_sub_category_190.png', 8),
	(191, NULL, NULL, '청포도', 'icon_sub_category_191.png', 8),
	(192, NULL, NULL, '살구', 'icon_sub_category_192.png', 8),
	(193, NULL, NULL, '석류', 'icon_sub_category_193.png', 8),
	(194, NULL, NULL, '우유', 'icon_sub_category_194.png', 9),
	(195, NULL, NULL, '버터', 'icon_sub_category_195.png', 9),
	(196, NULL, NULL, '치즈', 'icon_sub_category_196.png', 9),
	(197, NULL, NULL, '모짜렐라치즈', 'icon_sub_category_197.png', 9),
	(198, NULL, NULL, '체다치즈', 'icon_sub_category_198.png', 9),
	(199, NULL, NULL, '슈레드치즈', 'icon_sub_category_199.png', 9),
	(200, NULL, NULL, '요거트', 'icon_sub_category_200.png', 9),
	(201, NULL, NULL, '연유', 'icon_sub_category_201.png', 9),
	(202, NULL, NULL, '요구르트', 'icon_sub_category_202.png', 9),
	(203, NULL, NULL, '가당크림', 'icon_sub_category_203.png', 9),
	(204, NULL, NULL, '무가당크림', 'icon_sub_category_204.png', 9),
	(205, NULL, NULL, '분유', 'icon_sub_category_205.png', 9),
	(206, NULL, NULL, '두유', 'icon_sub_category_206.png', 9),
	(207, NULL, NULL, '계란', 'icon_sub_category_207.png', 10),
	(208, NULL, NULL, '메추리알', 'icon_sub_category_208.png', 10),
	(209, NULL, NULL, '오리알', 'icon_sub_category_209.png', 10),
	(210, NULL, NULL, '소금', 'icon_sub_category_210.png', 11),
	(211, NULL, NULL, '설탕', 'icon_sub_category_211.png', 11),
	(212, NULL, NULL, '고춧가루', 'icon_sub_category_212.png', 11),
	(213, NULL, NULL, '간장', 'icon_sub_category_213.png', 11),
	(214, NULL, NULL, '된장', 'icon_sub_category_214.png', 11),
	(215, NULL, NULL, '고추장', 'icon_sub_category_215.png', 11),
	(216, NULL, NULL, '식초', 'icon_sub_category_216.png', 11),
	(217, NULL, NULL, '물엿', 'icon_sub_category_217.png', 11),
	(218, NULL, NULL, '꿀', 'icon_sub_category_218.png', 11),
	(219, NULL, NULL, '마요네즈', 'icon_sub_category_219.png', 11),
	(220, NULL, NULL, '잼', 'icon_sub_category_220.png', 11),
	(221, NULL, NULL, '딸기잼', 'icon_sub_category_221.png', 11),
	(222, NULL, NULL, '유자청', 'icon_sub_category_222.png', 11),
	(223, NULL, NULL, '겨자', 'icon_sub_category_223.png', 11),
	(224, NULL, NULL, '와사비', 'icon_sub_category_224.png', 11),
	(225, NULL, NULL, '케찹', 'icon_sub_category_225.png', 11),
	(226, NULL, NULL, '식용유', 'icon_sub_category_226.png', 11),
	(227, NULL, NULL, '올리브유', 'icon_sub_category_227.png', 11),
	(228, NULL, NULL, '참기름', 'icon_sub_category_228.png', 11),
	(229, NULL, NULL, '들기름', 'icon_sub_category_229.png', 11),
	(230, NULL, NULL, '쌈장', 'icon_sub_category_230.png', 11),
	(231, NULL, NULL, '청국장', 'icon_sub_category_231.png', 11),
	(232, NULL, NULL, '고추기름', 'icon_sub_category_232.png', 11),
	(233, NULL, NULL, '맛소금', 'icon_sub_category_233.png', 11),
	(234, NULL, NULL, '콩가루', 'icon_sub_category_234.png', 11),
	(235, NULL, NULL, '카레가루', 'icon_sub_category_235.png', 11),
	(236, NULL, NULL, '후추', 'icon_sub_category_236.png', 11),
	(237, NULL, NULL, '들깨가루', 'icon_sub_category_237.png', 11),
	(238, NULL, NULL, '깨소금', 'icon_sub_category_238.png', 11),
	(239, NULL, NULL, '드레싱', 'icon_sub_category_239.png', 11),
	(240, NULL, NULL, '짜장가루', 'icon_sub_category_240.png', 11),
	(241, NULL, NULL, '허니머스타드', 'icon_sub_category_241.png', 11),
	(242, NULL, NULL, '돈까스소스', 'icon_sub_category_242.png', 11),
	(243, NULL, NULL, '다진마늘', 'icon_sub_category_243.png', 11),
	(244, NULL, NULL, '순후추', 'icon_sub_category_244.png', 11),
	(245, NULL, NULL, '소주', 'icon_sub_category_245.png', 11),
	(246, NULL, NULL, '미림', 'icon_sub_category_246.png', 11),
	(247, NULL, NULL, '맛술', 'icon_sub_category_247.png', 11),
	(248, NULL, NULL, '액젓', 'icon_sub_category_248.png', 11),
	(249, NULL, NULL, '토마토소스', 'icon_sub_category_249.png', 11),
	(250, NULL, NULL, '양조간장', 'icon_sub_category_250.png', 11),
	(251, NULL, NULL, '국간장', 'icon_sub_category_251.png', 11),
	(252, NULL, NULL, '파마산치즈가루', 'icon_sub_category_252.png', 11),
	(253, NULL, NULL, '매실액기스', 'icon_sub_category_253.png', 11),
	(254, NULL, NULL, '파슬리', 'icon_sub_category_254.png', 11),
	(255, NULL, NULL, '스팸', 'icon_sub_category_255.png', 4),
	(256, NULL, NULL, '전분가루', 'icon_sub_category_256.png', 6),
	(257, NULL, NULL, '크래미', 'icon_sub_category_257.png', 5),
	(258, NULL, NULL, '올리고당', 'icon_sub_category_258.png', 11),
	(259, NULL, NULL, '마늘쫑', 'icon_sub_category_259.png', 1),
	(260, NULL, NULL, '굴소스', 'icon_sub_category_260.png', 11),
	(261, NULL, NULL, '가쓰오부시', 'icon_sub_category_261.png', 5),
	(262, NULL, NULL, '꽈리고추', 'icon_sub_category_262.png', 1),
	(263, NULL, NULL, '머스타드', 'icon_sub_category_263.png', 11),
	(264, NULL, NULL, '빵가루', 'icon_sub_category_264.png', 6),
	(265, NULL, NULL, '식빵', 'icon_sub_category_265.png', 6);
/*!40000 ALTER TABLE `sub_category` ENABLE KEYS */;

-- 테이블 pocket_fridge.token 구조 내보내기
CREATE TABLE IF NOT EXISTS `token` (
  `token_id` bigint(20) NOT NULL AUTO_INCREMENT,
  `created_date` datetime(6) DEFAULT NULL,
  `modified_date` datetime(6) DEFAULT NULL,
  `token_device` varchar(255) DEFAULT NULL,
  `token_num` varchar(255) DEFAULT NULL,
  `user_id` bigint(20) DEFAULT NULL,
  PRIMARY KEY (`token_id`),
  KEY `FKe32ek7ixanakfqsdaokm4q9y2` (`user_id`),
  CONSTRAINT `FKe32ek7ixanakfqsdaokm4q9y2` FOREIGN KEY (`user_id`) REFERENCES `user` (`user_id`)
) ENGINE=InnoDB AUTO_INCREMENT=6 DEFAULT CHARSET=utf8mb4;

-- 테이블 데이터 pocket_fridge.token:~5 rows (대략적) 내보내기
/*!40000 ALTER TABLE `token` DISABLE KEYS */;
INSERT IGNORE INTO `token` (`token_id`, `created_date`, `modified_date`, `token_device`, `token_num`, `user_id`) VALUES
	(1, '2022-05-19 02:45:41.243689', '2022-05-19 02:45:41.243689', 'cae8b2e78b859433', 'e0ePiMMKRb-LsHvAcmgkSB:APA91bHMgaXC2mbO3mLSYTSFrdnkig8OXzsoe2vS5EbHK7TYkjqHIQarT27-0fyCluQ36fOICScZp8FJqXpnLog-kjj2mgzyTsCNijujtTuDqm6OqPvXErW5lm0reD-_o0UfyDGW9iHm', 2),
	(2, '2022-05-19 04:10:47.066973', '2022-05-19 04:10:47.066973', '123cdc6500782480', 'f2foRBSFSi6Y-dz8RpIEyg:APA91bH6RyEpnvU2O91i3EDDyV87fNV0QiIp84mr8o-gZi3EgecRxiYhmI-wjDirlydngGC8ou9Qx5L1Yz83hbHpvlDJKZex8vWMeADx6LDhpnBYpXiNBZk35HkyPUrjGuO9EYNTAoni', 1),
	(3, '2022-05-19 04:16:15.633317', '2022-05-19 04:16:15.633317', '7b3b155dcfb5d88e', 'cU3unLdITc-_E7HwTHwlTK:APA91bEUvczk0iMI4QMLizja0xRke9aU2W7xHwjoPAb_oYbQrsLll2dcog64MuOghg8h0bz29HDEY432rG9zLK1iJfVDVF-ejrqAkX0g08-RRyxGrwwCfwNnf3lGswDlGBlLXn_QOLdo', 4),
	(4, '2022-05-19 07:02:01.216764', '2022-05-19 07:02:01.216764', '0371baded4176928', 'drLTz9_URCyfEDMeN3OAdU:APA91bH1Cb0Hy-TApN7-3iXtwlhkCL04941OkvGcfjciLpx0T6berL6qVvQDM7ElnY_EbL1iuekfK23IZk9D6kZFBuUtU6uIZPZN82bJUwCowctm1y8AzQCuN5h_noiB6pAZwMIQBdvT', 4),
	(5, '2022-05-19 08:06:57.264143', '2022-05-19 08:21:22.664193', '813575764fcbaf62', 'dln70AVpTeKDWcqoBjm_L8:APA91bHGUncNKt2W6hnI21ib0UIZ4r_MhQuE4hnFFEajf4AZSBqtfTwXx8otLPK0EfE-zlA1IHfa-ZoXm_PBczkqWfwx5s30eEDVkuTHX4gQiLibOA7PAEBR6JD9T7u9gLx8VIlb_icu', 4);
/*!40000 ALTER TABLE `token` ENABLE KEYS */;

-- 테이블 pocket_fridge.user 구조 내보내기
CREATE TABLE IF NOT EXISTS `user` (
  `user_id` bigint(20) NOT NULL AUTO_INCREMENT,
  `created_date` datetime(6) DEFAULT NULL,
  `modified_date` datetime(6) DEFAULT NULL,
  `user_email` varchar(255) NOT NULL,
  `user_login_type` bit(1) NOT NULL,
  `user_name` varchar(255) NOT NULL,
  `user_nickname` varchar(255) NOT NULL,
  `user_password` varchar(255) NOT NULL,
  `user_picture` varchar(255) DEFAULT NULL,
  PRIMARY KEY (`user_id`),
  UNIQUE KEY `UK_j09k2v8lxofv2vecxu2hde9so` (`user_email`),
  UNIQUE KEY `UK_cr59axqya8utby3j37qi341rm` (`user_nickname`)
) ENGINE=InnoDB AUTO_INCREMENT=6 DEFAULT CHARSET=utf8mb4;

-- 테이블 데이터 pocket_fridge.user:~5 rows (대략적) 내보내기
/*!40000 ALTER TABLE `user` DISABLE KEYS */;
INSERT IGNORE INTO `user` (`user_id`, `created_date`, `modified_date`, `user_email`, `user_login_type`, `user_name`, `user_nickname`, `user_password`, `user_picture`) VALUES
	(1, '2022-05-19 02:45:30.898407', '2022-05-19 02:45:30.898407', 'mdown@naver.com', b'0', '김주환', '주환', '$2a$10$2mfuASnJCRYrMCiueq6fle0cDnwcFnk3kxrtqxakwvkVlYuxJ2csq', 'ssafy'),
	(2, '2022-05-19 02:45:41.180985', '2022-05-19 06:11:20.950715', 'devdoyeonkim@gmail.com', b'1', '김도연', '주머니', '$2a$10$JroKK/e3okHVQHmZAh9sDeEmwZYd20OdFS1XrPa4FzAN4E0YQfmD6', 'https://firebasestorage.googleapis.com/v0/b/andbackproject.appspot.com/o/profile%2Fdevdoyeonkim%40gmail.com%2Fdevdoyeonkim%40gmail.com?alt=media&token=b4fc5558-fd25-40bb-b1b0-5b963f3c0083'),
	(3, '2022-05-19 04:14:45.744995', '2022-05-19 04:14:45.744995', 'ms001118@naver.com', b'0', 'naver', 'naver', '$2a$10$whwrRk5MfvuhMhiDLUIv4eJeIndKqVbTZ.CrUw2DAq7EJgWhp8Cl6', 'string'),
	(4, '2022-05-19 04:16:04.916649', '2022-05-19 04:16:04.916649', 'ms001118@gmail.com', b'0', 'string', 'string', '$2a$10$ukEFt0AXeeNAOYil2FbLKubuhgEnGNN2UsOw0R767ja4cB2fUH.gG', 'string'),
	(5, '2022-05-19 09:49:15.344540', '2022-05-19 09:49:15.344540', 'ekdms42132@gmail.com', b'0', '김다은', '김다은', '$2a$10$0/oiFSTihbrDu3CvuKjTsO37uajbniNTDRheNa40iP8LmvRIo5Flu', 'string');
/*!40000 ALTER TABLE `user` ENABLE KEYS */;

-- 테이블 pocket_fridge.user_refrigerator 구조 내보내기
CREATE TABLE IF NOT EXISTS `user_refrigerator` (
  `user_refrigerator` bigint(20) NOT NULL AUTO_INCREMENT,
  `created_date` datetime(6) DEFAULT NULL,
  `modified_date` datetime(6) DEFAULT NULL,
  `refrigerator_owner` bit(1) DEFAULT NULL,
  `refrigerator_id` bigint(20) DEFAULT NULL,
  `user_id` bigint(20) DEFAULT NULL,
  PRIMARY KEY (`user_refrigerator`),
  KEY `FK8m7uwll8sfxl7t1l87ms6p8bb` (`refrigerator_id`),
  KEY `FK7qdmrxc4t0e3inrd082gn81o9` (`user_id`),
  CONSTRAINT `FK7qdmrxc4t0e3inrd082gn81o9` FOREIGN KEY (`user_id`) REFERENCES `user` (`user_id`),
  CONSTRAINT `FK8m7uwll8sfxl7t1l87ms6p8bb` FOREIGN KEY (`refrigerator_id`) REFERENCES `refrigerator` (`refrigereator_id`)
) ENGINE=InnoDB AUTO_INCREMENT=16 DEFAULT CHARSET=utf8mb4;

-- 테이블 데이터 pocket_fridge.user_refrigerator:~6 rows (대략적) 내보내기
/*!40000 ALTER TABLE `user_refrigerator` DISABLE KEYS */;
INSERT IGNORE INTO `user_refrigerator` (`user_refrigerator`, `created_date`, `modified_date`, `refrigerator_owner`, `refrigerator_id`, `user_id`) VALUES
	(1, '2022-05-19 03:16:38.251500', '2022-05-19 03:16:38.251500', b'1', 1, 2),
	(3, '2022-05-19 06:09:28.918546', '2022-05-19 06:09:28.918546', b'1', 3, 1),
	(6, '2022-05-19 06:19:33.937383', '2022-05-19 06:19:33.937383', b'0', 1, 1),
	(7, '2022-05-19 12:06:34.248467', '2022-05-19 12:06:34.248467', b'1', 4, 3),
	(14, '2022-05-19 13:06:33.703595', '2022-05-19 13:06:33.703595', b'1', 5, 4),
	(15, '2022-05-19 13:10:10.009130', '2022-05-19 13:10:10.009130', b'1', 6, 4);
/*!40000 ALTER TABLE `user_refrigerator` ENABLE KEYS */;

-- 테이블 pocket_fridge.user_roles 구조 내보내기
CREATE TABLE IF NOT EXISTS `user_roles` (
  `user_user_id` bigint(20) NOT NULL,
  `roles` varchar(255) DEFAULT NULL,
  KEY `FKkv46dn3qakjvsk7ra33nd5sns` (`user_user_id`),
  CONSTRAINT `FKkv46dn3qakjvsk7ra33nd5sns` FOREIGN KEY (`user_user_id`) REFERENCES `user` (`user_id`)
) ENGINE=InnoDB DEFAULT CHARSET=utf8mb4;

-- 테이블 데이터 pocket_fridge.user_roles:~5 rows (대략적) 내보내기
/*!40000 ALTER TABLE `user_roles` DISABLE KEYS */;
INSERT IGNORE INTO `user_roles` (`user_user_id`, `roles`) VALUES
	(1, 'USER'),
	(2, 'USER'),
	(3, 'USER'),
	(4, 'USER'),
	(5, 'USER');
/*!40000 ALTER TABLE `user_roles` ENABLE KEYS */;

/*!40101 SET SQL_MODE=IFNULL(@OLD_SQL_MODE, '') */;
/*!40014 SET FOREIGN_KEY_CHECKS=IFNULL(@OLD_FOREIGN_KEY_CHECKS, 1) */;
/*!40101 SET CHARACTER_SET_CLIENT=@OLD_CHARACTER_SET_CLIENT */;
/*!40111 SET SQL_NOTES=IFNULL(@OLD_SQL_NOTES, 1) */;
