INSERT INTO main_category (main_category_id, main_category_name)
VALUES (1, '채소류');
INSERT INTO main_category (main_category_id, main_category_name)
VALUES (2, '수산물');
INSERT INTO main_category (main_category_id, main_category_name)
VALUES (3, '육류');
INSERT INTO main_category (main_category_id, main_category_name)
VALUES (4, '육류가공');
INSERT INTO main_category (main_category_id, main_category_name)
VALUES (5, '수산물가공');
INSERT INTO main_category (main_category_id, main_category_name)
VALUES (6, '가공식품');
INSERT INTO main_category (main_category_id, main_category_name)
VALUES (7, '곡류 견과류');
INSERT INTO main_category (main_category_id, main_category_name)
VALUES (8, '과일');
INSERT INTO main_category (main_category_id, main_category_name)
VALUES (9, '유제품');
INSERT INTO main_category (main_category_id, main_category_name)
VALUES (10, '난류');
INSERT INTO main_category (main_category_id, main_category_name)
VALUES (11, '조미료 소스');

INSERT INTO sub_category (sub_category_id, main_category_id, sub_category_name, sub_category_url) VALUES (1,1,'가지','icon_sub_category_1.png');
INSERT INTO sub_category (sub_category_id, main_category_id, sub_category_name, sub_category_url) VALUES (2,1,'감자','icon_sub_category_2.png');
INSERT INTO sub_category (sub_category_id, main_category_id, sub_category_name, sub_category_url) VALUES (3,1,'고구마','icon_sub_category_3.png');
INSERT INTO sub_category (sub_category_id, main_category_id, sub_category_name, sub_category_url) VALUES (4,1,'고사리','icon_sub_category_4.png');
INSERT INTO sub_category (sub_category_id, main_category_id, sub_category_name, sub_category_url) VALUES (5,1,'고추','icon_sub_category_5.png');
INSERT INTO sub_category (sub_category_id, main_category_id, sub_category_name, sub_category_url) VALUES (6,1,'곤드레','icon_sub_category_6.png');
INSERT INTO sub_category (sub_category_id, main_category_id, sub_category_name, sub_category_url) VALUES (7,1,'깻잎','icon_sub_category_7.png');
INSERT INTO sub_category (sub_category_id, main_category_id, sub_category_name, sub_category_url) VALUES (8,1,'나물','icon_sub_category_8.png');
INSERT INTO sub_category (sub_category_id, main_category_id, sub_category_name, sub_category_url) VALUES (9,1,'단호박','icon_sub_category_9.png');
INSERT INTO sub_category (sub_category_id, main_category_id, sub_category_name, sub_category_url) VALUES (10,1,'당근','icon_sub_category_10.png');
INSERT INTO sub_category (sub_category_id, main_category_id, sub_category_name, sub_category_url) VALUES (11,1,'도라지','icon_sub_category_11.png');
INSERT INTO sub_category (sub_category_id, main_category_id, sub_category_name, sub_category_url) VALUES (12,1,'마늘','icon_sub_category_12.png');
INSERT INTO sub_category (sub_category_id, main_category_id, sub_category_name, sub_category_url) VALUES (13,1,'무','icon_sub_category_13.png');
INSERT INTO sub_category (sub_category_id, main_category_id, sub_category_name, sub_category_url) VALUES (14,1,'미나리','icon_sub_category_14.png');
INSERT INTO sub_category (sub_category_id, main_category_id, sub_category_name, sub_category_url) VALUES (15,1,'배추','icon_sub_category_15.png');
INSERT INTO sub_category (sub_category_id, main_category_id, sub_category_name, sub_category_url) VALUES (16,1,'버섯','icon_sub_category_16.png');
INSERT INTO sub_category (sub_category_id, main_category_id, sub_category_name, sub_category_url) VALUES (17,1,'부추','icon_sub_category_17.png');
INSERT INTO sub_category (sub_category_id, main_category_id, sub_category_name, sub_category_url) VALUES (18,1,'브로콜리','icon_sub_category_18.png');
INSERT INTO sub_category (sub_category_id, main_category_id, sub_category_name, sub_category_url) VALUES (19,1,'상추','icon_sub_category_19.png');
INSERT INTO sub_category (sub_category_id, main_category_id, sub_category_name, sub_category_url) VALUES (20,1,'새송이버섯','icon_sub_category_20.png');
INSERT INTO sub_category (sub_category_id, main_category_id, sub_category_name, sub_category_url) VALUES (21,1,'새싹채소','icon_sub_category_21.png');
INSERT INTO sub_category (sub_category_id, main_category_id, sub_category_name, sub_category_url) VALUES (22,1,'생강','icon_sub_category_22.png');
INSERT INTO sub_category (sub_category_id, main_category_id, sub_category_name, sub_category_url) VALUES (23,1,'숙주','icon_sub_category_23.png');
INSERT INTO sub_category (sub_category_id, main_category_id, sub_category_name, sub_category_url) VALUES (24,1,'시금치','icon_sub_category_24.png');
INSERT INTO sub_category (sub_category_id, main_category_id, sub_category_name, sub_category_url) VALUES (25,1,'아스파라거스','icon_sub_category_25.png');
INSERT INTO sub_category (sub_category_id, main_category_id, sub_category_name, sub_category_url) VALUES (26,1,'애호박','icon_sub_category_26.png');
INSERT INTO sub_category (sub_category_id, main_category_id, sub_category_name, sub_category_url) VALUES (27,1,'양배추','icon_sub_category_27.png');
INSERT INTO sub_category (sub_category_id, main_category_id, sub_category_name, sub_category_url) VALUES (28,1,'양상추','icon_sub_category_28.png');
INSERT INTO sub_category (sub_category_id, main_category_id, sub_category_name, sub_category_url) VALUES (29,1,'양송이버섯','icon_sub_category_29.png');
INSERT INTO sub_category (sub_category_id, main_category_id, sub_category_name, sub_category_url) VALUES (30,1,'양파','icon_sub_category_30.png');
INSERT INTO sub_category (sub_category_id, main_category_id, sub_category_name, sub_category_url) VALUES (31,1,'연근','icon_sub_category_31.png');
INSERT INTO sub_category (sub_category_id, main_category_id, sub_category_name, sub_category_url) VALUES (32,1,'오이','icon_sub_category_32.png');
INSERT INTO sub_category (sub_category_id, main_category_id, sub_category_name, sub_category_url) VALUES (33,1,'옥수수','icon_sub_category_33.png');
INSERT INTO sub_category (sub_category_id, main_category_id, sub_category_name, sub_category_url) VALUES (34,1,'우엉','icon_sub_category_34.png');
INSERT INTO sub_category (sub_category_id, main_category_id, sub_category_name, sub_category_url) VALUES (35,1,'청경채','icon_sub_category_35.png');
INSERT INTO sub_category (sub_category_id, main_category_id, sub_category_name, sub_category_url) VALUES (36,1,'콩나물','icon_sub_category_36.png');
INSERT INTO sub_category (sub_category_id, main_category_id, sub_category_name, sub_category_url) VALUES (37,1,'토마토','icon_sub_category_37.png');
INSERT INTO sub_category (sub_category_id, main_category_id, sub_category_name, sub_category_url) VALUES (38,1,'파','icon_sub_category_38.png');
INSERT INTO sub_category (sub_category_id, main_category_id, sub_category_name, sub_category_url) VALUES (39,1,'파프리카','icon_sub_category_39.png');
INSERT INTO sub_category (sub_category_id, main_category_id, sub_category_name, sub_category_url) VALUES (40,1,'팽이버섯','icon_sub_category_40.png');
INSERT INTO sub_category (sub_category_id, main_category_id, sub_category_name, sub_category_url) VALUES (41,1,'표고버섯','icon_sub_category_41.png');
INSERT INTO sub_category (sub_category_id, main_category_id, sub_category_name, sub_category_url) VALUES (42,1,'피망','icon_sub_category_42.png');
INSERT INTO sub_category (sub_category_id, main_category_id, sub_category_name, sub_category_url) VALUES (43,1,'호박','icon_sub_category_43.png');
INSERT INTO sub_category (sub_category_id, main_category_id, sub_category_name, sub_category_url) VALUES (44,1,'대파','icon_sub_category_44.png');
INSERT INTO sub_category (sub_category_id, main_category_id, sub_category_name, sub_category_url) VALUES (45,1,'건고추','icon_sub_category_45.png');
INSERT INTO sub_category (sub_category_id, main_category_id, sub_category_name, sub_category_url) VALUES (46,1,'청양고추','icon_sub_category_46.png');
INSERT INTO sub_category (sub_category_id, main_category_id, sub_category_name, sub_category_url) VALUES (47,1,'쪽파','icon_sub_category_47.png');
INSERT INTO sub_category (sub_category_id, main_category_id, sub_category_name, sub_category_url) VALUES (48,2,'닭','icon_sub_category_48.png');
INSERT INTO sub_category (sub_category_id, main_category_id, sub_category_name, sub_category_url) VALUES (49,2,'닭-정육','icon_sub_category_49.png');
INSERT INTO sub_category (sub_category_id, main_category_id, sub_category_name, sub_category_url) VALUES (50,2,'닭-가슴살','icon_sub_category_50.png');
INSERT INTO sub_category (sub_category_id, main_category_id, sub_category_name, sub_category_url) VALUES (51,2,'돼지고기','icon_sub_category_51.png');
INSERT INTO sub_category (sub_category_id, main_category_id, sub_category_name, sub_category_url) VALUES (52,2,'돼지고기-삼겹살','icon_sub_category_52.png');
INSERT INTO sub_category (sub_category_id, main_category_id, sub_category_name, sub_category_url) VALUES (53,2,'돼지고기-목살','icon_sub_category_53.png');
INSERT INTO sub_category (sub_category_id, main_category_id, sub_category_name, sub_category_url) VALUES (54,2,'돼지고기-앞다리','icon_sub_category_54.png');
INSERT INTO sub_category (sub_category_id, main_category_id, sub_category_name, sub_category_url) VALUES (55,2,'돼지고기-뒷다리','icon_sub_category_55.png');
INSERT INTO sub_category (sub_category_id, main_category_id, sub_category_name, sub_category_url) VALUES (56,2,'돼지고기-안심','icon_sub_category_56.png');
INSERT INTO sub_category (sub_category_id, main_category_id, sub_category_name, sub_category_url) VALUES (57,2,'돼지고기-등심','icon_sub_category_57.png');
INSERT INTO sub_category (sub_category_id, main_category_id, sub_category_name, sub_category_url) VALUES (58,2,'소고기','icon_sub_category_58.png');
INSERT INTO sub_category (sub_category_id, main_category_id, sub_category_name, sub_category_url) VALUES (59,2,'소고기-안심','icon_sub_category_59.png');
INSERT INTO sub_category (sub_category_id, main_category_id, sub_category_name, sub_category_url) VALUES (60,2,'소고기-등심','icon_sub_category_60.png');
INSERT INTO sub_category (sub_category_id, main_category_id, sub_category_name, sub_category_url) VALUES (61,2,'소고기-채끝','icon_sub_category_61.png');
INSERT INTO sub_category (sub_category_id, main_category_id, sub_category_name, sub_category_url) VALUES (62,2,'소고기-국거리','icon_sub_category_62.png');
INSERT INTO sub_category (sub_category_id, main_category_id, sub_category_name, sub_category_url) VALUES (63,2,'양고기','icon_sub_category_63.png');
INSERT INTO sub_category (sub_category_id, main_category_id, sub_category_name, sub_category_url) VALUES (64,2,'오리고기','icon_sub_category_64.png');
INSERT INTO sub_category (sub_category_id, main_category_id, sub_category_name, sub_category_url) VALUES (65,2,'소고기-불고기','icon_sub_category_65.png');
INSERT INTO sub_category (sub_category_id, main_category_id, sub_category_name, sub_category_url) VALUES (66,2,'돼지고기-불고기','icon_sub_category_66.png');
INSERT INTO sub_category (sub_category_id, main_category_id, sub_category_name, sub_category_url) VALUES (67,2,'대패삼겹살','icon_sub_category_67.png');
INSERT INTO sub_category (sub_category_id, main_category_id, sub_category_name, sub_category_url) VALUES (68,3,'게','icon_sub_category_68.png');
INSERT INTO sub_category (sub_category_id, main_category_id, sub_category_name, sub_category_url) VALUES (69,3,'미역','icon_sub_category_69.png');
INSERT INTO sub_category (sub_category_id, main_category_id, sub_category_name, sub_category_url) VALUES (70,3,'새우','icon_sub_category_70.png');
INSERT INTO sub_category (sub_category_id, main_category_id, sub_category_name, sub_category_url) VALUES (71,3,'생선','icon_sub_category_71.png');
INSERT INTO sub_category (sub_category_id, main_category_id, sub_category_name, sub_category_url) VALUES (72,3,'고등어','icon_sub_category_72.png');
INSERT INTO sub_category (sub_category_id, main_category_id, sub_category_name, sub_category_url) VALUES (73,3,'갈치','icon_sub_category_73.png');
INSERT INTO sub_category (sub_category_id, main_category_id, sub_category_name, sub_category_url) VALUES (74,3,'꽁치','icon_sub_category_74.png');
INSERT INTO sub_category (sub_category_id, main_category_id, sub_category_name, sub_category_url) VALUES (75,3,'멸치','icon_sub_category_75.png');
INSERT INTO sub_category (sub_category_id, main_category_id, sub_category_name, sub_category_url) VALUES (76,3,'오징어','icon_sub_category_76.png');
INSERT INTO sub_category (sub_category_id, main_category_id, sub_category_name, sub_category_url) VALUES (77,3,'문어','icon_sub_category_77.png');
INSERT INTO sub_category (sub_category_id, main_category_id, sub_category_name, sub_category_url) VALUES (78,3,'조개','icon_sub_category_78.png');
INSERT INTO sub_category (sub_category_id, main_category_id, sub_category_name, sub_category_url) VALUES (79,3,'굴','icon_sub_category_79.png');
INSERT INTO sub_category (sub_category_id, main_category_id, sub_category_name, sub_category_url) VALUES (80,3,'다시마','icon_sub_category_80.png');
INSERT INTO sub_category (sub_category_id, main_category_id, sub_category_name, sub_category_url) VALUES (81,3,'바지락','icon_sub_category_81.png');
INSERT INTO sub_category (sub_category_id, main_category_id, sub_category_name, sub_category_url) VALUES (82,3,'전복','icon_sub_category_82.png');
INSERT INTO sub_category (sub_category_id, main_category_id, sub_category_name, sub_category_url) VALUES (83,3,'주꾸미','icon_sub_category_83.png');
INSERT INTO sub_category (sub_category_id, main_category_id, sub_category_name, sub_category_url) VALUES (84,3,'조기','icon_sub_category_84.png');
INSERT INTO sub_category (sub_category_id, main_category_id, sub_category_name, sub_category_url) VALUES (85,3,'회','icon_sub_category_85.png');
INSERT INTO sub_category (sub_category_id, main_category_id, sub_category_name, sub_category_url) VALUES (86,3,'연어','icon_sub_category_86.png');
INSERT INTO sub_category (sub_category_id, main_category_id, sub_category_name, sub_category_url) VALUES (87,4,'햄','icon_sub_category_87.png');
INSERT INTO sub_category (sub_category_id, main_category_id, sub_category_name, sub_category_url) VALUES (88,4,'소세지','icon_sub_category_88.png');
INSERT INTO sub_category (sub_category_id, main_category_id, sub_category_name, sub_category_url) VALUES (89,4,'닭꼬치','icon_sub_category_89.png');
INSERT INTO sub_category (sub_category_id, main_category_id, sub_category_name, sub_category_url) VALUES (90,4,'양꼬치','icon_sub_category_90.png');
INSERT INTO sub_category (sub_category_id, main_category_id, sub_category_name, sub_category_url) VALUES (91,4,'불고기','icon_sub_category_91.png');
INSERT INTO sub_category (sub_category_id, main_category_id, sub_category_name, sub_category_url) VALUES (92,4,'제육','icon_sub_category_92.png');
INSERT INTO sub_category (sub_category_id, main_category_id, sub_category_name, sub_category_url) VALUES (93,4,'베이컨','icon_sub_category_93.png');
INSERT INTO sub_category (sub_category_id, main_category_id, sub_category_name, sub_category_url) VALUES (94,4,'육포','icon_sub_category_94.png');
INSERT INTO sub_category (sub_category_id, main_category_id, sub_category_name, sub_category_url) VALUES (95,4,'양념육류','icon_sub_category_95.png');
INSERT INTO sub_category (sub_category_id, main_category_id, sub_category_name, sub_category_url) VALUES (96,4,'튀김','icon_sub_category_96.png');
INSERT INTO sub_category (sub_category_id, main_category_id, sub_category_name, sub_category_url) VALUES (97,4,'돈까스','icon_sub_category_97.png');
INSERT INTO sub_category (sub_category_id, main_category_id, sub_category_name, sub_category_url) VALUES (98,4,'치킨까스','icon_sub_category_98.png');
INSERT INTO sub_category (sub_category_id, main_category_id, sub_category_name, sub_category_url) VALUES (99,4,'생선까스','icon_sub_category_99.png');
INSERT INTO sub_category (sub_category_id, main_category_id, sub_category_name, sub_category_url) VALUES (100,4,'사골','icon_sub_category_100.png');
INSERT INTO sub_category (sub_category_id, main_category_id, sub_category_name, sub_category_url) VALUES (101,4,'미트볼','icon_sub_category_101.png');
INSERT INTO sub_category (sub_category_id, main_category_id, sub_category_name, sub_category_url) VALUES (102,5,'참치캔','icon_sub_category_102.png');
INSERT INTO sub_category (sub_category_id, main_category_id, sub_category_name, sub_category_url) VALUES (103,5,'꽁치캔','icon_sub_category_103.png');
INSERT INTO sub_category (sub_category_id, main_category_id, sub_category_name, sub_category_url) VALUES (104,5,'골뱅이','icon_sub_category_104.png');
INSERT INTO sub_category (sub_category_id, main_category_id, sub_category_name, sub_category_url) VALUES (105,5,'어묵','icon_sub_category_105.png');
INSERT INTO sub_category (sub_category_id, main_category_id, sub_category_name, sub_category_url) VALUES (106,5,'젓갈','icon_sub_category_106.png');
INSERT INTO sub_category (sub_category_id, main_category_id, sub_category_name, sub_category_url) VALUES (107,5,'건어물','icon_sub_category_107.png');
INSERT INTO sub_category (sub_category_id, main_category_id, sub_category_name, sub_category_url) VALUES (108,5,'조미김','icon_sub_category_108.png');
INSERT INTO sub_category (sub_category_id, main_category_id, sub_category_name, sub_category_url) VALUES (109,5,'한천','icon_sub_category_109.png');
INSERT INTO sub_category (sub_category_id, main_category_id, sub_category_name, sub_category_url) VALUES (110,6,'면','icon_sub_category_110.png');
INSERT INTO sub_category (sub_category_id, main_category_id, sub_category_name, sub_category_url) VALUES (111,6,'라면','icon_sub_category_111.png');
INSERT INTO sub_category (sub_category_id, main_category_id, sub_category_name, sub_category_url) VALUES (112,6,'소면','icon_sub_category_112.png');
INSERT INTO sub_category (sub_category_id, main_category_id, sub_category_name, sub_category_url) VALUES (113,6,'파스타면','icon_sub_category_113.png');
INSERT INTO sub_category (sub_category_id, main_category_id, sub_category_name, sub_category_url) VALUES (114,6,'당면','icon_sub_category_114.png');
INSERT INTO sub_category (sub_category_id, main_category_id, sub_category_name, sub_category_url) VALUES (115,6,'냉면','icon_sub_category_115.png');
INSERT INTO sub_category (sub_category_id, main_category_id, sub_category_name, sub_category_url) VALUES (116,6,'쫄면','icon_sub_category_116.png');
INSERT INTO sub_category (sub_category_id, main_category_id, sub_category_name, sub_category_url) VALUES (117,6,'두부','icon_sub_category_117.png');
INSERT INTO sub_category (sub_category_id, main_category_id, sub_category_name, sub_category_url) VALUES (118,6,'떡','icon_sub_category_118.png');
INSERT INTO sub_category (sub_category_id, main_category_id, sub_category_name, sub_category_url) VALUES (119,6,'가래떡','icon_sub_category_119.png');
INSERT INTO sub_category (sub_category_id, main_category_id, sub_category_name, sub_category_url) VALUES (120,6,'밀가루','icon_sub_category_120.png');
INSERT INTO sub_category (sub_category_id, main_category_id, sub_category_name, sub_category_url) VALUES (121,6,'부침가루','icon_sub_category_121.png');
INSERT INTO sub_category (sub_category_id, main_category_id, sub_category_name, sub_category_url) VALUES (122,6,'튀김가루','icon_sub_category_122.png');
INSERT INTO sub_category (sub_category_id, main_category_id, sub_category_name, sub_category_url) VALUES (123,6,'김치','icon_sub_category_123.png');
INSERT INTO sub_category (sub_category_id, main_category_id, sub_category_name, sub_category_url) VALUES (124,6,'배추김치','icon_sub_category_124.png');
INSERT INTO sub_category (sub_category_id, main_category_id, sub_category_name, sub_category_url) VALUES (125,6,'깍두기','icon_sub_category_125.png');
INSERT INTO sub_category (sub_category_id, main_category_id, sub_category_name, sub_category_url) VALUES (126,6,'총각김치','icon_sub_category_126.png');
INSERT INTO sub_category (sub_category_id, main_category_id, sub_category_name, sub_category_url) VALUES (127,6,'파김치','icon_sub_category_127.png');
INSERT INTO sub_category (sub_category_id, main_category_id, sub_category_name, sub_category_url) VALUES (128,6,'밀키트','icon_sub_category_128.png');
INSERT INTO sub_category (sub_category_id, main_category_id, sub_category_name, sub_category_url) VALUES (129,6,'만두','icon_sub_category_129.png');
INSERT INTO sub_category (sub_category_id, main_category_id, sub_category_name, sub_category_url) VALUES (130,6,'만두피','icon_sub_category_130.png');
INSERT INTO sub_category (sub_category_id, main_category_id, sub_category_name, sub_category_url) VALUES (131,6,'또띠아','icon_sub_category_131.png');
INSERT INTO sub_category (sub_category_id, main_category_id, sub_category_name, sub_category_url) VALUES (132,6,'과일통조림','icon_sub_category_132.png');
INSERT INTO sub_category (sub_category_id, main_category_id, sub_category_name, sub_category_url) VALUES (133,6,'복숭아통조림','icon_sub_category_133.png');
INSERT INTO sub_category (sub_category_id, main_category_id, sub_category_name, sub_category_url) VALUES (134,6,'건조과일','icon_sub_category_134.png');
INSERT INTO sub_category (sub_category_id, main_category_id, sub_category_name, sub_category_url) VALUES (135,6,'미숫가루','icon_sub_category_135.png');
INSERT INTO sub_category (sub_category_id, main_category_id, sub_category_name, sub_category_url) VALUES (136,6,'절임','icon_sub_category_136.png');
INSERT INTO sub_category (sub_category_id, main_category_id, sub_category_name, sub_category_url) VALUES (137,6,'단무지','icon_sub_category_137.png');
INSERT INTO sub_category (sub_category_id, main_category_id, sub_category_name, sub_category_url) VALUES (138,6,'피클','icon_sub_category_138.png');
INSERT INTO sub_category (sub_category_id, main_category_id, sub_category_name, sub_category_url) VALUES (139,6,'장아찌','icon_sub_category_139.png');
INSERT INTO sub_category (sub_category_id, main_category_id, sub_category_name, sub_category_url) VALUES (140,6,'핫도그','icon_sub_category_140.png');
INSERT INTO sub_category (sub_category_id, main_category_id, sub_category_name, sub_category_url) VALUES (141,6,'치킨','icon_sub_category_141.png');
INSERT INTO sub_category (sub_category_id, main_category_id, sub_category_name, sub_category_url) VALUES (142,6,'피자','icon_sub_category_142.png');
INSERT INTO sub_category (sub_category_id, main_category_id, sub_category_name, sub_category_url) VALUES (143,6,'씨리얼','icon_sub_category_143.png');
INSERT INTO sub_category (sub_category_id, main_category_id, sub_category_name, sub_category_url) VALUES (144,6,'빵','icon_sub_category_144.png');
INSERT INTO sub_category (sub_category_id, main_category_id, sub_category_name, sub_category_url) VALUES (145,6,'옥수수통조림','icon_sub_category_145.png');
INSERT INTO sub_category (sub_category_id, main_category_id, sub_category_name, sub_category_url) VALUES (146,6,'모닝빵','icon_sub_category_146.png');
INSERT INTO sub_category (sub_category_id, main_category_id, sub_category_name, sub_category_url) VALUES (147,6,'국수','icon_sub_category_147.png');
INSERT INTO sub_category (sub_category_id, main_category_id, sub_category_name, sub_category_url) VALUES (148,6,'떡볶이 떡','icon_sub_category_148.png');
INSERT INTO sub_category (sub_category_id, main_category_id, sub_category_name, sub_category_url) VALUES (149,6,'스파게티면','icon_sub_category_149.png');
INSERT INTO sub_category (sub_category_id, main_category_id, sub_category_name, sub_category_url) VALUES (150,7,'쌀','icon_sub_category_150.png');
INSERT INTO sub_category (sub_category_id, main_category_id, sub_category_name, sub_category_url) VALUES (151,7,'찹쌀','icon_sub_category_151.png');
INSERT INTO sub_category (sub_category_id, main_category_id, sub_category_name, sub_category_url) VALUES (152,7,'보리','icon_sub_category_152.png');
INSERT INTO sub_category (sub_category_id, main_category_id, sub_category_name, sub_category_url) VALUES (153,7,'조','icon_sub_category_153.png');
INSERT INTO sub_category (sub_category_id, main_category_id, sub_category_name, sub_category_url) VALUES (154,7,'수수','icon_sub_category_154.png');
INSERT INTO sub_category (sub_category_id, main_category_id, sub_category_name, sub_category_url) VALUES (155,7,'콩','icon_sub_category_155.png');
INSERT INTO sub_category (sub_category_id, main_category_id, sub_category_name, sub_category_url) VALUES (156,7,'검은콩','icon_sub_category_156.png');
INSERT INTO sub_category (sub_category_id, main_category_id, sub_category_name, sub_category_url) VALUES (157,7,'팥','icon_sub_category_157.png');
INSERT INTO sub_category (sub_category_id, main_category_id, sub_category_name, sub_category_url) VALUES (158,7,'땅콩','icon_sub_category_158.png');
INSERT INTO sub_category (sub_category_id, main_category_id, sub_category_name, sub_category_url) VALUES (159,7,'밤','icon_sub_category_159.png');
INSERT INTO sub_category (sub_category_id, main_category_id, sub_category_name, sub_category_url) VALUES (160,7,'아몬드','icon_sub_category_160.png');
INSERT INTO sub_category (sub_category_id, main_category_id, sub_category_name, sub_category_url) VALUES (161,7,'호두','icon_sub_category_161.png');
INSERT INTO sub_category (sub_category_id, main_category_id, sub_category_name, sub_category_url) VALUES (162,7,'피스타치오','icon_sub_category_162.png');
INSERT INTO sub_category (sub_category_id, main_category_id, sub_category_name, sub_category_url) VALUES (163,7,'견과류','icon_sub_category_163.png');
INSERT INTO sub_category (sub_category_id, main_category_id, sub_category_name, sub_category_url) VALUES (164,7,'깨','icon_sub_category_164.png');
INSERT INTO sub_category (sub_category_id, main_category_id, sub_category_name, sub_category_url) VALUES (165,7,'잣','icon_sub_category_165.png');
INSERT INTO sub_category (sub_category_id, main_category_id, sub_category_name, sub_category_url) VALUES (166,7,'캐슈넛','icon_sub_category_166.png');
INSERT INTO sub_category (sub_category_id, main_category_id, sub_category_name, sub_category_url) VALUES (167,7,'은행','icon_sub_category_167.png');
INSERT INTO sub_category (sub_category_id, main_category_id, sub_category_name, sub_category_url) VALUES (168,7,'대추','icon_sub_category_168.png');
INSERT INTO sub_category (sub_category_id, main_category_id, sub_category_name, sub_category_url) VALUES (169,7,'해바라기씨','icon_sub_category_169.png');
INSERT INTO sub_category (sub_category_id, main_category_id, sub_category_name, sub_category_url) VALUES (170,8,'사과','icon_sub_category_170.png');
INSERT INTO sub_category (sub_category_id, main_category_id, sub_category_name, sub_category_url) VALUES (171,8,'배','icon_sub_category_171.png');
INSERT INTO sub_category (sub_category_id, main_category_id, sub_category_name, sub_category_url) VALUES (172,8,'포도','icon_sub_category_172.png');
INSERT INTO sub_category (sub_category_id, main_category_id, sub_category_name, sub_category_url) VALUES (173,8,'파인애플','icon_sub_category_173.png');
INSERT INTO sub_category (sub_category_id, main_category_id, sub_category_name, sub_category_url) VALUES (174,8,'감','icon_sub_category_174.png');
INSERT INTO sub_category (sub_category_id, main_category_id, sub_category_name, sub_category_url) VALUES (175,8,'참외','icon_sub_category_175.png');
INSERT INTO sub_category (sub_category_id, main_category_id, sub_category_name, sub_category_url) VALUES (176,8,'수박','icon_sub_category_176.png');
INSERT INTO sub_category (sub_category_id, main_category_id, sub_category_name, sub_category_url) VALUES (177,8,'딸기','icon_sub_category_177.png');
INSERT INTO sub_category (sub_category_id, main_category_id, sub_category_name, sub_category_url) VALUES (178,8,'멜론','icon_sub_category_178.png');
INSERT INTO sub_category (sub_category_id, main_category_id, sub_category_name, sub_category_url) VALUES (179,8,'복숭아','icon_sub_category_179.png');
INSERT INTO sub_category (sub_category_id, main_category_id, sub_category_name, sub_category_url) VALUES (180,8,'망고','icon_sub_category_180.png');
INSERT INTO sub_category (sub_category_id, main_category_id, sub_category_name, sub_category_url) VALUES (181,8,'체리','icon_sub_category_181.png');
INSERT INTO sub_category (sub_category_id, main_category_id, sub_category_name, sub_category_url) VALUES (182,8,'블루베리','icon_sub_category_182.png');
INSERT INTO sub_category (sub_category_id, main_category_id, sub_category_name, sub_category_url) VALUES (183,8,'아보카도','icon_sub_category_183.png');
INSERT INTO sub_category (sub_category_id, main_category_id, sub_category_name, sub_category_url) VALUES (184,8,'귤','icon_sub_category_184.png');
INSERT INTO sub_category (sub_category_id, main_category_id, sub_category_name, sub_category_url) VALUES (185,8,'오렌지','icon_sub_category_185.png');
INSERT INTO sub_category (sub_category_id, main_category_id, sub_category_name, sub_category_url) VALUES (186,8,'레몬','icon_sub_category_186.png');
INSERT INTO sub_category (sub_category_id, main_category_id, sub_category_name, sub_category_url) VALUES (187,8,'바나나','icon_sub_category_187.png');
INSERT INTO sub_category (sub_category_id, main_category_id, sub_category_name, sub_category_url) VALUES (188,8,'키위','icon_sub_category_188.png');
INSERT INTO sub_category (sub_category_id, main_category_id, sub_category_name, sub_category_url) VALUES (189,8,'자몽','icon_sub_category_189.png');
INSERT INTO sub_category (sub_category_id, main_category_id, sub_category_name, sub_category_url) VALUES (190,8,'유자','icon_sub_category_190.png');
INSERT INTO sub_category (sub_category_id, main_category_id, sub_category_name, sub_category_url) VALUES (191,8,'청포도','icon_sub_category_191.png');
INSERT INTO sub_category (sub_category_id, main_category_id, sub_category_name, sub_category_url) VALUES (192,8,'살구','icon_sub_category_192.png');
INSERT INTO sub_category (sub_category_id, main_category_id, sub_category_name, sub_category_url) VALUES (193,8,'석류','icon_sub_category_193.png');
INSERT INTO sub_category (sub_category_id, main_category_id, sub_category_name, sub_category_url) VALUES (194,9,'우유','icon_sub_category_194.png');
INSERT INTO sub_category (sub_category_id, main_category_id, sub_category_name, sub_category_url) VALUES (195,9,'버터','icon_sub_category_195.png');
INSERT INTO sub_category (sub_category_id, main_category_id, sub_category_name, sub_category_url) VALUES (196,9,'치즈','icon_sub_category_196.png');
INSERT INTO sub_category (sub_category_id, main_category_id, sub_category_name, sub_category_url) VALUES (197,9,'모짜렐라치즈','icon_sub_category_197.png');
INSERT INTO sub_category (sub_category_id, main_category_id, sub_category_name, sub_category_url) VALUES (198,9,'체다치즈','icon_sub_category_198.png');
INSERT INTO sub_category (sub_category_id, main_category_id, sub_category_name, sub_category_url) VALUES (199,9,'슈레드치즈','icon_sub_category_199.png');
INSERT INTO sub_category (sub_category_id, main_category_id, sub_category_name, sub_category_url) VALUES (200,9,'요거트','icon_sub_category_200.png');
INSERT INTO sub_category (sub_category_id, main_category_id, sub_category_name, sub_category_url) VALUES (201,9,'연유','icon_sub_category_201.png');
INSERT INTO sub_category (sub_category_id, main_category_id, sub_category_name, sub_category_url) VALUES (202,9,'요구르트','icon_sub_category_202.png');
INSERT INTO sub_category (sub_category_id, main_category_id, sub_category_name, sub_category_url) VALUES (203,9,'가당크림','icon_sub_category_203.png');
INSERT INTO sub_category (sub_category_id, main_category_id, sub_category_name, sub_category_url) VALUES (204,9,'무가당크림','icon_sub_category_204.png');
INSERT INTO sub_category (sub_category_id, main_category_id, sub_category_name, sub_category_url) VALUES (205,9,'분유','icon_sub_category_205.png');
INSERT INTO sub_category (sub_category_id, main_category_id, sub_category_name, sub_category_url) VALUES (206,9,'두유','icon_sub_category_206.png');
INSERT INTO sub_category (sub_category_id, main_category_id, sub_category_name, sub_category_url) VALUES (207,10,'계란','icon_sub_category_207.png');
INSERT INTO sub_category (sub_category_id, main_category_id, sub_category_name, sub_category_url) VALUES (208,10,'메추리알','icon_sub_category_208.png');
INSERT INTO sub_category (sub_category_id, main_category_id, sub_category_name, sub_category_url) VALUES (209,10,'오리알','icon_sub_category_209.png');
INSERT INTO sub_category (sub_category_id, main_category_id, sub_category_name, sub_category_url) VALUES (210,11,'소금','icon_sub_category_210.png');
INSERT INTO sub_category (sub_category_id, main_category_id, sub_category_name, sub_category_url) VALUES (211,11,'설탕','icon_sub_category_211.png');
INSERT INTO sub_category (sub_category_id, main_category_id, sub_category_name, sub_category_url) VALUES (212,11,'고춧가루','icon_sub_category_212.png');
INSERT INTO sub_category (sub_category_id, main_category_id, sub_category_name, sub_category_url) VALUES (213,11,'간장','icon_sub_category_213.png');
INSERT INTO sub_category (sub_category_id, main_category_id, sub_category_name, sub_category_url) VALUES (214,11,'된장','icon_sub_category_214.png');
INSERT INTO sub_category (sub_category_id, main_category_id, sub_category_name, sub_category_url) VALUES (215,11,'고추장','icon_sub_category_215.png');
INSERT INTO sub_category (sub_category_id, main_category_id, sub_category_name, sub_category_url) VALUES (216,11,'식초','icon_sub_category_216.png');
INSERT INTO sub_category (sub_category_id, main_category_id, sub_category_name, sub_category_url) VALUES (217,11,'물엿','icon_sub_category_217.png');
INSERT INTO sub_category (sub_category_id, main_category_id, sub_category_name, sub_category_url) VALUES (218,11,'꿀','icon_sub_category_218.png');
INSERT INTO sub_category (sub_category_id, main_category_id, sub_category_name, sub_category_url) VALUES (219,11,'마요네즈','icon_sub_category_219.png');
INSERT INTO sub_category (sub_category_id, main_category_id, sub_category_name, sub_category_url) VALUES (220,11,'잼','icon_sub_category_220.png');
INSERT INTO sub_category (sub_category_id, main_category_id, sub_category_name, sub_category_url) VALUES (221,11,'딸기잼','icon_sub_category_221.png');
INSERT INTO sub_category (sub_category_id, main_category_id, sub_category_name, sub_category_url) VALUES (222,11,'유자청','icon_sub_category_222.png');
INSERT INTO sub_category (sub_category_id, main_category_id, sub_category_name, sub_category_url) VALUES (223,11,'겨자','icon_sub_category_223.png');
INSERT INTO sub_category (sub_category_id, main_category_id, sub_category_name, sub_category_url) VALUES (224,11,'와사비','icon_sub_category_224.png');
INSERT INTO sub_category (sub_category_id, main_category_id, sub_category_name, sub_category_url) VALUES (225,11,'케찹','icon_sub_category_225.png');
INSERT INTO sub_category (sub_category_id, main_category_id, sub_category_name, sub_category_url) VALUES (226,11,'식용유','icon_sub_category_226.png');
INSERT INTO sub_category (sub_category_id, main_category_id, sub_category_name, sub_category_url) VALUES (227,11,'올리브유','icon_sub_category_227.png');
INSERT INTO sub_category (sub_category_id, main_category_id, sub_category_name, sub_category_url) VALUES (228,11,'참기름','icon_sub_category_228.png');
INSERT INTO sub_category (sub_category_id, main_category_id, sub_category_name, sub_category_url) VALUES (229,11,'들기름','icon_sub_category_229.png');
INSERT INTO sub_category (sub_category_id, main_category_id, sub_category_name, sub_category_url) VALUES (230,11,'쌈장','icon_sub_category_230.png');
INSERT INTO sub_category (sub_category_id, main_category_id, sub_category_name, sub_category_url) VALUES (231,11,'청국장','icon_sub_category_231.png');
INSERT INTO sub_category (sub_category_id, main_category_id, sub_category_name, sub_category_url) VALUES (232,11,'고추기름','icon_sub_category_232.png');
INSERT INTO sub_category (sub_category_id, main_category_id, sub_category_name, sub_category_url) VALUES (233,11,'맛소금','icon_sub_category_233.png');
INSERT INTO sub_category (sub_category_id, main_category_id, sub_category_name, sub_category_url) VALUES (234,11,'콩가루','icon_sub_category_234.png');
INSERT INTO sub_category (sub_category_id, main_category_id, sub_category_name, sub_category_url) VALUES (235,11,'카레가루','icon_sub_category_235.png');
INSERT INTO sub_category (sub_category_id, main_category_id, sub_category_name, sub_category_url) VALUES (236,11,'후추','icon_sub_category_236.png');
INSERT INTO sub_category (sub_category_id, main_category_id, sub_category_name, sub_category_url) VALUES (237,11,'들깨가루','icon_sub_category_237.png');
INSERT INTO sub_category (sub_category_id, main_category_id, sub_category_name, sub_category_url) VALUES (238,11,'깨소금','icon_sub_category_238.png');
INSERT INTO sub_category (sub_category_id, main_category_id, sub_category_name, sub_category_url) VALUES (239,11,'드레싱','icon_sub_category_239.png');
INSERT INTO sub_category (sub_category_id, main_category_id, sub_category_name, sub_category_url) VALUES (240,11,'짜장가루','icon_sub_category_240.png');
INSERT INTO sub_category (sub_category_id, main_category_id, sub_category_name, sub_category_url) VALUES (241,11,'허니머스타드','icon_sub_category_241.png');
INSERT INTO sub_category (sub_category_id, main_category_id, sub_category_name, sub_category_url) VALUES (242,11,'돈까스소스','icon_sub_category_242.png');
INSERT INTO sub_category (sub_category_id, main_category_id, sub_category_name, sub_category_url) VALUES (243,11,'다진마늘','icon_sub_category_243.png');
INSERT INTO sub_category (sub_category_id, main_category_id, sub_category_name, sub_category_url) VALUES (244,11,'순후추','icon_sub_category_244.png');
INSERT INTO sub_category (sub_category_id, main_category_id, sub_category_name, sub_category_url) VALUES (245,11,'소주','icon_sub_category_245.png');
INSERT INTO sub_category (sub_category_id, main_category_id, sub_category_name, sub_category_url) VALUES (246,11,'미림','icon_sub_category_246.png');
INSERT INTO sub_category (sub_category_id, main_category_id, sub_category_name, sub_category_url) VALUES (247,11,'맛술','icon_sub_category_247.png');
INSERT INTO sub_category (sub_category_id, main_category_id, sub_category_name, sub_category_url) VALUES (248,11,'액젓','icon_sub_category_248.png');
INSERT INTO sub_category (sub_category_id, main_category_id, sub_category_name, sub_category_url) VALUES (249,11,'토마토소스','icon_sub_category_249.png');
INSERT INTO sub_category (sub_category_id, main_category_id, sub_category_name, sub_category_url) VALUES (250,11,'양조간장','icon_sub_category_250.png');
INSERT INTO sub_category (sub_category_id, main_category_id, sub_category_name, sub_category_url) VALUES (251,11,'국간장','icon_sub_category_251.png');
INSERT INTO sub_category (sub_category_id, main_category_id, sub_category_name, sub_category_url) VALUES (252,11,'파마산치즈가루','icon_sub_category_252.png');
INSERT INTO sub_category (sub_category_id, main_category_id, sub_category_name, sub_category_url) VALUES (253,11,'매실액기스','icon_sub_category_253.png');
INSERT INTO sub_category (sub_category_id, main_category_id, sub_category_name, sub_category_url) VALUES (254,11,'파슬리','icon_sub_category_254.png');
INSERT INTO sub_category (sub_category_id, main_category_id, sub_category_name, sub_category_url) VALUES (255,4,'스팸','icon_sub_category_255.png');
INSERT INTO sub_category (sub_category_id, main_category_id, sub_category_name, sub_category_url) VALUES (256,6,'전분가루','icon_sub_category_256.png');
INSERT INTO sub_category (sub_category_id, main_category_id, sub_category_name, sub_category_url) VALUES (257,5,'크래미','icon_sub_category_257.png');
INSERT INTO sub_category (sub_category_id, main_category_id, sub_category_name, sub_category_url) VALUES (258,11,'올리고당','icon_sub_category_258.png');
INSERT INTO sub_category (sub_category_id, main_category_id, sub_category_name, sub_category_url) VALUES (259,1,'마늘쫑','icon_sub_category_259.png');
INSERT INTO sub_category (sub_category_id, main_category_id, sub_category_name, sub_category_url) VALUES (260,11,'굴소스','icon_sub_category_260.png');
INSERT INTO sub_category (sub_category_id, main_category_id, sub_category_name, sub_category_url) VALUES (261,5,'가쓰오부시','icon_sub_category_261.png');
INSERT INTO sub_category (sub_category_id, main_category_id, sub_category_name, sub_category_url) VALUES (262,1,'꽈리고추','icon_sub_category_262.png');
INSERT INTO sub_category (sub_category_id, main_category_id, sub_category_name, sub_category_url) VALUES (263,11,'머스타드','icon_sub_category_263.png');
INSERT INTO sub_category (sub_category_id, main_category_id, sub_category_name, sub_category_url) VALUES (264,6,'빵가루','icon_sub_category_264.png');
INSERT INTO sub_category (sub_category_id, main_category_id, sub_category_name, sub_category_url) VALUES (265,6,'식빵','icon_sub_category_265.png');

INSERT INTO recipe (recipe_id,recipe_content, recipe_food_name, recipe_all_ingredient, recipe_image, recipe_type, recipe_time, recipe_serving) VALUES (1,'라면으로 만들어 먹는 고기 짬뽕 라면','고기 짬뽕 라면','라면, 양배추, 배추, 대패삼겹살, 양파, 간장, 고춧가루, 대파','thumbnail_고기_짬뽕_라면.png','한식',20,1);
INSERT INTO recipe (recipe_id,recipe_content, recipe_food_name, recipe_all_ingredient, recipe_image, recipe_type, recipe_time, recipe_serving) VALUES (2,'참치 김치 볶음밥','참치 김치 볶음밥','김치, 참치통조림, 소세지, 고춧가루, 물엿, 소금, 참기름, 밥','thumbnail_참치_김치_볶음밥.png','한식',20,1);
INSERT INTO recipe (recipe_id,recipe_content, recipe_food_name, recipe_all_ingredient, recipe_image, recipe_type, recipe_time, recipe_serving) VALUES (3,'초간단하게 만드는 바삭한 치즈 옥수수전','옥수수전','옥수수, 통조림, 파프리카, 피자치즈, 튀김가루, 물','thumbnail_옥수수전.png','한식',20,1);
INSERT INTO recipe (recipe_id,recipe_content, recipe_food_name, recipe_all_ingredient, recipe_image, recipe_type, recipe_time, recipe_serving) VALUES (4,'삽겹살과 김치를 이용한 볶음요리','삼겹살 김치볶음','김치, 삼겹살, 설탕, 간장, 고춧가루','thumbnail_삼겹살_김치볶음.png','한식',20,1);
INSERT INTO recipe (recipe_id,recipe_content, recipe_food_name, recipe_all_ingredient, recipe_image, recipe_type, recipe_time, recipe_serving) VALUES (5,'달달한 바싹 불고기','바싹 불고기','대패삼겹살, 간장, 소주, 다진 마늘, 물엿','thumbnail_바싹_불고기.png','한식',20,1);
INSERT INTO recipe (recipe_id,recipe_content, recipe_food_name, recipe_all_ingredient, recipe_image, recipe_type, recipe_time, recipe_serving) VALUES (6,'달달한 밥도둑 연어장','연어장','연어, 양파, 간장, 설탕','thumbnail_연어장.png','한식',20,1);
INSERT INTO recipe (recipe_id,recipe_content, recipe_food_name, recipe_all_ingredient, recipe_image, recipe_type, recipe_time, recipe_serving) VALUES (7,'아침에 먹으면 더욱 좋은 모닝계란빵','모닝계란빵','모닝빵, 계란, 베이컨, 파슬리','thumbnail_모닝계란빵.png','한식',20,1);
INSERT INTO recipe (recipe_id,recipe_content, recipe_food_name, recipe_all_ingredient, recipe_image, recipe_type, recipe_time, recipe_serving) VALUES (8,'짜고 달달한 밥도둑 계란장조림','계란장조림','계란, 다시마, 간장, 설탕, 술, 양파, 대파','thumbnail_계란장조림.png','한식',60,1);
INSERT INTO recipe (recipe_id,recipe_content, recipe_food_name, recipe_all_ingredient, recipe_image, recipe_type, recipe_time, recipe_serving) VALUES (9,'돼지고기와 케첩을 이용한 간장조림','돼지고기 케첩 간장조림','돼지고기, 대파, 다진마늘, 후추, 간장, 소주, 설탕, 다진마늘, 케첩','thumbnail_돼지고기_케첩_간장조림.png','한식',60,1);
INSERT INTO recipe (recipe_id,recipe_content, recipe_food_name, recipe_all_ingredient, recipe_image, recipe_type, recipe_time, recipe_serving) VALUES (10,'맥주 안주로 너무 좋은 콘치즈','콘치즈','캔옥수수, 설탕, 마요네즈, 모짜렐라 치즈','thumbnail_콘치즈.png','한식',20,1);
INSERT INTO recipe (recipe_id,recipe_content, recipe_food_name, recipe_all_ingredient, recipe_image, recipe_type, recipe_time, recipe_serving) VALUES (11,'간단하고 담백한 마늘볶음밥','마늘볶음밥','마늘, 다진마늘, 파, 베이컨, 밥, 간장','thumbnail_마늘볶음밥.png','한식',30,1);
INSERT INTO recipe (recipe_id,recipe_content, recipe_food_name, recipe_all_ingredient, recipe_image, recipe_type, recipe_time, recipe_serving) VALUES (12,'알록달록 잔치국수 만들기','잔치국수','국수, 육수, 양파, 당근, 간장, 고춧가루, 간마늘, 참기름, 대파, 청양고추','thumbnail_잔치국수.png','한식',30,1);
INSERT INTO recipe (recipe_id,recipe_content, recipe_food_name, recipe_all_ingredient, recipe_image, recipe_type, recipe_time, recipe_serving) VALUES (13,'간장찜닭 이렇게만 만들면 맛보장','찜닭','닭, 건고추, 마늘, 식용유, 감자, 당근, 양파, 대파, 당면, 간장, 설탕, 맛술, 다진마늘, 순후추','thumbnail_찜닭.png','한식',40,2);
INSERT INTO recipe (recipe_id,recipe_content, recipe_food_name, recipe_all_ingredient, recipe_image, recipe_type, recipe_time, recipe_serving) VALUES (14,'닭가슴살로 오야꼬동 만들기','오야꼬동','닭가슴살, 양파, 대파, 계란, 소금, 후추, 밥, 간장, 소주, 설탕','thumbnail_오야꼬동.png','일식',30,1);
INSERT INTO recipe (recipe_id,recipe_content, recipe_food_name, recipe_all_ingredient, recipe_image, recipe_type, recipe_time, recipe_serving) VALUES (15,'소불고기 만들기','불고기','불고기용 소고기, 양파, 당근, 양배추, 쪽파, 간장, 다진마늘, 설탕, 물엿, 매실액기스, 후추','thumbnail_불고기.png','한식',30,2);
INSERT INTO recipe (recipe_id,recipe_content, recipe_food_name, recipe_all_ingredient, recipe_image, recipe_type, recipe_time, recipe_serving) VALUES (16,'밀푀유나베 만들기','밀푀유나베','배추, 깻잎, 샤브용고기, 표고버섯, 당근, 육수, 멸치장국, 간장, 소주, 다진마늘','thumbnail_밀푀유나베.png','양식',45,3);
INSERT INTO recipe (recipe_id,recipe_content, recipe_food_name, recipe_all_ingredient, recipe_image, recipe_type, recipe_time, recipe_serving) VALUES (17,'간단하고 진한 미역국 만들기','미역국','미역, 소고기국거리용, 참기름, 국간장, 멸치액젓, 소금','thumbnail_미역국.png','한식',40,2);
INSERT INTO recipe (recipe_id,recipe_content, recipe_food_name, recipe_all_ingredient, recipe_image, recipe_type, recipe_time, recipe_serving) VALUES (18,'대패삼겹살로 콩나물불고기 만들기','콩나물불고기','콩나물, 대패삼겹살, 양파, 대파, 버섯, 고추장, 고춧가루, 간장, 소주, 설탕','thumbnail_콩나물불고기.png','한식',30,2);
INSERT INTO recipe (recipe_id,recipe_content, recipe_food_name, recipe_all_ingredient, recipe_image, recipe_type, recipe_time, recipe_serving) VALUES (19,'치즈 미트볼 스파게티 만들기','치즈미트볼스파게티','스파게티면, 미트볼, 토마토소스, 파마산치즈가루, 소금, 오일','thumbnail_치즈미트볼스파게티.png','양식',30,2);
INSERT INTO recipe (recipe_id,recipe_content, recipe_food_name, recipe_all_ingredient, recipe_image, recipe_type, recipe_time, recipe_serving) VALUES (20,'간단하고 진하고 맑은 소고기무국 만들기','소고기무국','국거리용 소고기, 무, 대파, 참기름, 다진마늘, 간장, 액젓','thumbnail_소고기무국.png','한식',45,3);
INSERT INTO recipe (recipe_id,recipe_content, recipe_food_name, recipe_all_ingredient, recipe_image, recipe_type, recipe_time, recipe_serving) VALUES (21,'맛남의 광장에 나왔던 백종원 된장찌개!','백종원 무된장찌개','무, 돼지고기 다릿살, 대파, 청양고추, 된장, 고추장, 다진마늘, 고춧가루','thumbnail_백종원_무된장찌개.png','한식',40,2);
INSERT INTO recipe (recipe_id,recipe_content, recipe_food_name, recipe_all_ingredient, recipe_image, recipe_type, recipe_time, recipe_serving) VALUES (22,'자취생 간단 요리!','간장계란밥','밥, 계란, 식용유, 진간장, 참기름','thumbnail_간장계란밥.png','한식',5,1);
INSERT INTO recipe (recipe_id,recipe_content, recipe_food_name, recipe_all_ingredient, recipe_image, recipe_type, recipe_time, recipe_serving) VALUES (23,'스팸의 짠맛으로 시작해 양파의 달달함과 마요네즈의 고소함으로 끝나는 덮밥!','스팸마요덮밥','밥, 스팸, 마요네즈, 달걀, 양파, 쪽파, 간장','thumbnail_스팸마요덮밥.png','한식',10,2);
INSERT INTO recipe (recipe_id,recipe_content, recipe_food_name, recipe_all_ingredient, recipe_image, recipe_type, recipe_time, recipe_serving) VALUES (24,'겉바속촉 간단한 감자전 만들기','감자전','감자, 소금, 식용유','thumbnail_감자전.png','한식',30,2);
INSERT INTO recipe (recipe_id,recipe_content, recipe_food_name, recipe_all_ingredient, recipe_image, recipe_type, recipe_time, recipe_serving) VALUES (25,'간단하고 맛있는 야식!','소떡소떡','떡볶이떡, 비엔나 소시지, 다진 마늘, 케첩, 고추장, 설탕, 식용유','thumbnail_소떡소떡.png','한식',15,1);
INSERT INTO recipe (recipe_id,recipe_content, recipe_food_name, recipe_all_ingredient, recipe_image, recipe_type, recipe_time, recipe_serving) VALUES (26,'튀니지에서 흔히 볼 수 있는 전통 가정식 요리','에그인헬','계란, 토마토소스, 우유, 모짜렐라 치즈, 마늘, 양파, 소시지, 양송이, 버섯, 피망, 식용유, 소금, 후추 ','thumbnail_에그인헬.png','양식',45,2);
INSERT INTO recipe (recipe_id,recipe_content, recipe_food_name, recipe_all_ingredient, recipe_image, recipe_type, recipe_time, recipe_serving) VALUES (27,'일본식 부침개! 간단 양배추 요리','오코노미야끼','양배추, 양파, 밀가루, 부침가루, 계란, 참치캔, 돈까스소스, 마요네즈, 가쓰오부시','thumbnail_오코노미야끼.png','일식',15,1);
INSERT INTO recipe (recipe_id,recipe_content, recipe_food_name, recipe_all_ingredient, recipe_image, recipe_type, recipe_time, recipe_serving) VALUES (28,'편스토랑 류수영 레시피','우유버터파스타','우유, 양파, 베이컨, 버터, 파스타면, 굴소스, 다진마늘, 후추, 파슬리, 파마산치즈가루','thumbnail_우유버터파스타.png','양식',30,1);
INSERT INTO recipe (recipe_id,recipe_content, recipe_food_name, recipe_all_ingredient, recipe_image, recipe_type, recipe_time, recipe_serving) VALUES (29,'술안주로도, 덮밥요리로도 해먹을 수 있는 만능 간단요리! ','삼겹살김치볶음','김치, 삼겹살, 설탕, 간장, 고춧가루, 올리브유','thumbnail_삼겹살김치볶음.png','한식',30,1);
INSERT INTO recipe (recipe_id,recipe_content, recipe_food_name, recipe_all_ingredient, recipe_image, recipe_type, recipe_time, recipe_serving) VALUES (30,'집에 있는 재료로 간단하게!','케찹 오므라이스','쌀, 대파, 파프리카, 양파, 소세지, 식용유, 소금, 후추, 케찹, 계란','thumbnail_케찹_오므라이스.png','일식',30,1);
INSERT INTO recipe (recipe_id,recipe_content, recipe_food_name, recipe_all_ingredient, recipe_image, recipe_type, recipe_time, recipe_serving) VALUES (31,'바삭바삭 어니언링','어니언링','양파, 계란, 식용유, 튀김가루, 빵가루, 소금','thumbnail_어니언링.png','양식',20,1);
INSERT INTO recipe (recipe_id,recipe_content, recipe_food_name, recipe_all_ingredient, recipe_image, recipe_type, recipe_time, recipe_serving) VALUES (32,'부드러운 애그 샌드위치','에그샌드위치','식빵, 계란, 마요네즈, 머스타드, 소금, 후추','thumbnail_에그샌드위치.png','양식',20,1);
INSERT INTO recipe (recipe_id,recipe_content, recipe_food_name, recipe_all_ingredient, recipe_image, recipe_type, recipe_time, recipe_serving) VALUES (33,'불맛 대파 제육볶음','제육볶음','삼겹살, 마늘, 청양고추, 대파, 진간장, 설탕, 고춧가루, 참기름, 맛소금, 후추','thumbnail_제육볶음.png','한식',20,2);
INSERT INTO recipe (recipe_id,recipe_content, recipe_food_name, recipe_all_ingredient, recipe_image, recipe_type, recipe_time, recipe_serving) VALUES (34,'맥주 안주로 좋은 소세지 야채 볶음','소세지야채볶음','소세지, 파프리카, 양송이, 대파, 양파, 소금, 후추, 치즈','thumbnail_소세지야채볶음.png','한식',20,2);
INSERT INTO recipe (recipe_id,recipe_content, recipe_food_name, recipe_all_ingredient, recipe_image, recipe_type, recipe_time, recipe_serving) VALUES (35,'초간단 자취 연어장','연어장','연어, 양파, 간장, 설탕, 고추, 대파','thumbnail_연어장.png','일식',10,1);
INSERT INTO recipe (recipe_id,recipe_content, recipe_food_name, recipe_all_ingredient, recipe_image, recipe_type, recipe_time, recipe_serving) VALUES (36,'아삭아삭 오이무침','오이무침','오이, 간장, 설탕, 식초, 고춧가루, 참깨','thumbnail_오이무침.png','한식',10,2);
INSERT INTO recipe (recipe_id,recipe_content, recipe_food_name, recipe_all_ingredient, recipe_image, recipe_type, recipe_time, recipe_serving) VALUES (37,'1:1:1:1 소스의 닭갈비','닭갈비','닭 정육, 고추장, 설탕, 고춧가루, 맛술, 진간장, 마늘, 감자, 양파, 고추, 대파, 양배추, 참기름, 후추','thumbnail_닭갈비.png','한식',20,2);
INSERT INTO recipe (recipe_id,recipe_content, recipe_food_name, recipe_all_ingredient, recipe_image, recipe_type, recipe_time, recipe_serving) VALUES (38,'매콤 달달 고추장 삼겹살','고추장삼겹살','삼겹살, 고추장, 마늘, 간장, 후추, 소금, 설탕','thumbnail_고추장삼겹살.png','한식',30,2);
INSERT INTO recipe (recipe_id,recipe_content, recipe_food_name, recipe_all_ingredient, recipe_image, recipe_type, recipe_time, recipe_serving) VALUES (39,'밥도둑 계란장조림','계란장조림','계란, 마늘, 고추, 청양고추, 진간장, 설탕, 물엿','thumbnail_계란장조림.png','한식',30,4);
INSERT INTO recipe (recipe_id,recipe_content, recipe_food_name, recipe_all_ingredient, recipe_image, recipe_type, recipe_time, recipe_serving) VALUES (40,'겉바속촉 군만두','군만두','만두, 식용유, 간장, 식초, 고춧가루','thumbnail_군만두.png','한식',10,2);
INSERT INTO recipe (recipe_id,recipe_content, recipe_food_name, recipe_all_ingredient, recipe_image, recipe_type, recipe_time, recipe_serving) VALUES (41,'부대찌개 만들기','부대찌개','스팸, 소세지, 두부, 김치, 양파, 대파, 만두, 라면사리, 물, 간장, 고추장, 고춧가루, 다진마늘, 맛술, 설탕','thumbnail_부대찌개.png','한식',30,1);
INSERT INTO recipe (recipe_id,recipe_content, recipe_food_name, recipe_all_ingredient, recipe_image, recipe_type, recipe_time, recipe_serving) VALUES (42,'간단하게 계란볶음밥 만들기','계란볶음밥','밥, 계란, 대파, 양파, 식용유, 간장','thumbnail_계란볶음밥.png','한식',20,1);
INSERT INTO recipe (recipe_id,recipe_content, recipe_food_name, recipe_all_ingredient, recipe_image, recipe_type, recipe_time, recipe_serving) VALUES (43,'간단하게 계란찜 만들기','계란찜','계란, 물, 소금, 대파','thumbnail_계란찜.png','한식',20,1);
INSERT INTO recipe (recipe_id,recipe_content, recipe_food_name, recipe_all_ingredient, recipe_image, recipe_type, recipe_time, recipe_serving) VALUES (44,'의외로 쉬운 감바스 만들기','감바스','마늘, 다진마늘, 올리브유, 칵테일 새우, 바지락, 소금, 후추, 파슬리','thumbnail_감바스.png','양식',20,1);
INSERT INTO recipe (recipe_id,recipe_content, recipe_food_name, recipe_all_ingredient, recipe_image, recipe_type, recipe_time, recipe_serving) VALUES (45,'담백한 계란 샐러드 만들기','계란샐러드','계란, 감자, 당근, 양파, 마요네즈, 소금, 후추, 파슬리','thumbnail_계란샐러드.png','양식',15,1);
INSERT INTO recipe (recipe_id,recipe_content, recipe_food_name, recipe_all_ingredient, recipe_image, recipe_type, recipe_time, recipe_serving) VALUES (46,'토마토와 계란으로 탕 만들기','토마토계란탕','토마토, 계란, 대파, 쪽파, 전분가루, 물, 소금, 후추, 식용유, 참기름','thumbnail_토마토계란탕.png','양식',20,1);
INSERT INTO recipe (recipe_id,recipe_content, recipe_food_name, recipe_all_ingredient, recipe_image, recipe_type, recipe_time, recipe_serving) VALUES (47,'크래미를 곁들인 유부초밥 만들기','크래미유부초밥','밥, 양파, 오이, 크래미, 마요네즈, 머스타드, 후추, 유부초밥 세트','thumbnail_크래미유부초밥.png','양식',20,1);
INSERT INTO recipe (recipe_id,recipe_content, recipe_food_name, recipe_all_ingredient, recipe_image, recipe_type, recipe_time, recipe_serving) VALUES (48,'삼겹살을 곁들인 두부김치 만들기','삼겹살두부김치','삼겹살, 김치, 두부, 마늘, 양파, 대파, 설탕, 올리고당, 참기름, 통깨, 후추','thumbnail_삼겹살두부김치.png','한식',30,1);
INSERT INTO recipe (recipe_id,recipe_content, recipe_food_name, recipe_all_ingredient, recipe_image, recipe_type, recipe_time, recipe_serving) VALUES (49,'마늘쫑으로 밥반찬 만들기','마늘쫑새우볶음','마늘쫑, 칵테일새우, 식용유, 물, 간장, 굴소스, 올리고당, 맛술','thumbnail_마늘쫑새우볶음.png','한식',20,1);
INSERT INTO recipe (recipe_id,recipe_content, recipe_food_name, recipe_all_ingredient, recipe_image, recipe_type, recipe_time, recipe_serving) VALUES (50,'의외로 어렵지 않은 계란말이 만들기','계란말이','계란, 양파, 당근, 소금','thumbnail_계란말이.png','한식',20,1);

INSERT INTO recipe_process (recipe_process_id, recipe_id, recipe_process_sequence, recipe_process_description, recipe_process_image) VALUES (1,1,1,'양파, 양배추, 대파를 썰어 주세요 ','cook_step_고기짬뽕_01');
INSERT INTO recipe_process (recipe_process_id, recipe_id, recipe_process_sequence, recipe_process_description, recipe_process_image) VALUES (2,1,2,'냄비에 오일 3스푼을 두르고 달달 볶다가 양파를 고기를 넣고 볶아주세요','cook_step_고기짬뽕_02');
INSERT INTO recipe_process (recipe_process_id, recipe_id, recipe_process_sequence, recipe_process_description, recipe_process_image) VALUES (3,1,3,'고추가루를 넣고 볶아 주세요','cook_step_고기짬뽕_03');
INSERT INTO recipe_process (recipe_process_id, recipe_id, recipe_process_sequence, recipe_process_description, recipe_process_image) VALUES (4,1,4,'1분 정도 볶고 물 550ml를 넣고 라면 사리 1개를 넣고 팔팔 끓여주세요 라면 스프도 1개 넣어주세요','cook_step_고기짬뽕_04');
INSERT INTO recipe_process (recipe_process_id, recipe_id, recipe_process_sequence, recipe_process_description, recipe_process_image) VALUES (5,1,5,'팔팔 끓이면 완성','cook_step_고기짬뽕_05');
INSERT INTO recipe_process (recipe_process_id, recipe_id, recipe_process_sequence, recipe_process_description, recipe_process_image) VALUES (6,2,1,'먼저 김치를 작은 접시 1그릇만 작게 잘라주세요','cook_step_참치김치볶음밥_01');
INSERT INTO recipe_process (recipe_process_id, recipe_id, recipe_process_sequence, recipe_process_description, recipe_process_image) VALUES (7,2,2,'소세지도 잘게 잘라 주세요','cook_step_참치김치볶음밥_02');
INSERT INTO recipe_process (recipe_process_id, recipe_id, recipe_process_sequence, recipe_process_description, recipe_process_image) VALUES (8,2,3,'달군 팬에 기름을 둘러 김치를 먼저 넣어주세요','cook_step_참치김치볶음밥_03');
INSERT INTO recipe_process (recipe_process_id, recipe_id, recipe_process_sequence, recipe_process_description, recipe_process_image) VALUES (9,2,4,'볶다가 참치 한캔과 햄 소세지 고춧가루를 넣고 볶아 주세요','cook_step_참치김치볶음밥_04');
INSERT INTO recipe_process (recipe_process_id, recipe_id, recipe_process_sequence, recipe_process_description, recipe_process_image) VALUES (10,2,5,'소금 1ts 물엿 한 스푼을 넣고 볶다가 참기름 1스푼과 밥 한공기를 넣고 볶아주세요','cook_step_참치김치볶음밥_05');
INSERT INTO recipe_process (recipe_process_id, recipe_id, recipe_process_sequence, recipe_process_description, recipe_process_image) VALUES (11,3,1,'옥수수콘의 물기를 빼 주세요, 파프리카를 다져주세요','cook_step_옥수수전_01');
INSERT INTO recipe_process (recipe_process_id, recipe_id, recipe_process_sequence, recipe_process_description, recipe_process_image) VALUES (12,3,2,'피자 치즈와 튀김가루를 반컵씩 넣어주세요','cook_step_옥수수전_02');
INSERT INTO recipe_process (recipe_process_id, recipe_id, recipe_process_sequence, recipe_process_description, recipe_process_image) VALUES (13,3,3,'물은 조금만, 약간 걸쭉할 정도로 부어주세요','cook_step_옥수수전_03');
INSERT INTO recipe_process (recipe_process_id, recipe_id, recipe_process_sequence, recipe_process_description, recipe_process_image) VALUES (14,3,4,'이제 달군 팬에 오일 넉넉히 반죽을 올려 펴줍니다','cook_step_옥수수전_04');
INSERT INTO recipe_process (recipe_process_id, recipe_id, recipe_process_sequence, recipe_process_description, recipe_process_image) VALUES (15,3,5,'중불로 구워 주세요 80%정도 익었을때 뒤집어줍니다','cook_step_옥수수전_05');
INSERT INTO recipe_process (recipe_process_id, recipe_id, recipe_process_sequence, recipe_process_description, recipe_process_image) VALUES (16,3,6,'뒤집고 2~3분만 익히면 그릇에 담아주세요 ','cook_step_옥수수전_06');
INSERT INTO recipe_process (recipe_process_id, recipe_id, recipe_process_sequence, recipe_process_description, recipe_process_image) VALUES (17,4,1,'김치는 잘게 잘라주고 달군 팬에 올리브유 1스푼 넣고 김치를 넣어 볶아주세요 ','cook_step_삼겹살김치볶음_01');
INSERT INTO recipe_process (recipe_process_id, recipe_id, recipe_process_sequence, recipe_process_description, recipe_process_image) VALUES (18,4,2,'설탕을 1스푼 넣고 볶아주세요','cook_step_삼겹살김치볶음_02');
INSERT INTO recipe_process (recipe_process_id, recipe_id, recipe_process_sequence, recipe_process_description, recipe_process_image) VALUES (19,4,3,'살짝 볶아주고 삼겹살을 넣어 같이 볶아주세요','cook_step_삼겹살김치볶음_03');
INSERT INTO recipe_process (recipe_process_id, recipe_id, recipe_process_sequence, recipe_process_description, recipe_process_image) VALUES (20,4,4,'간장을 2스푼 넣어주세요 ','cook_step_삼겹살김치볶음_04');
INSERT INTO recipe_process (recipe_process_id, recipe_id, recipe_process_sequence, recipe_process_description, recipe_process_image) VALUES (21,4,5,'마지막으로 고춧가루 2ts을 넣어주면 완성됩니다','cook_step_삼겹살김치볶음_05');
INSERT INTO recipe_process (recipe_process_id, recipe_id, recipe_process_sequence, recipe_process_description, recipe_process_image) VALUES (22,5,1,'먼저 대패 삼겹살을 양념을 합니다 간장 1 / 3컵, 소주 1 / 2컵, 후추 조금 넣고 주물러주기','cook_step_바싹불고기_01');
INSERT INTO recipe_process (recipe_process_id, recipe_id, recipe_process_sequence, recipe_process_description, recipe_process_image) VALUES (23,5,2,'이제 팬에 양념한 고기를 넣고 15분간 중불에서 조려주세요 물이 없어지면 완성입니다','cook_step_바싹불고기_02');
INSERT INTO recipe_process (recipe_process_id, recipe_id, recipe_process_sequence, recipe_process_description, recipe_process_image) VALUES (24,6,1,'연어를 한 입 크기로 썰어주세요','cook_step_연어장_01');
INSERT INTO recipe_process (recipe_process_id, recipe_id, recipe_process_sequence, recipe_process_description, recipe_process_image) VALUES (25,6,2,'연어장을 만들어 줄게요 먼저 종이컵 기준으로 간장 1컵을 넣어주고 설탕 반컵을 넣어주고 설탕이 녹을 정도로만 중불로 살짝 끓여주세요','cook_step_연어장_02');
INSERT INTO recipe_process (recipe_process_id, recipe_id, recipe_process_sequence, recipe_process_description, recipe_process_image) VALUES (26,6,3,'절임물이 식을 동안 양파를 잘게 썰어주세요','cook_step_연어장_03');
INSERT INTO recipe_process (recipe_process_id, recipe_id, recipe_process_sequence, recipe_process_description, recipe_process_image) VALUES (27,6,4,'이젠 통 안에 썰어둔 연어들을 차곡차곡 쌓아줍니다 ','cook_step_연어장_04');
INSERT INTO recipe_process (recipe_process_id, recipe_id, recipe_process_sequence, recipe_process_description, recipe_process_image) VALUES (28,6,5,'연어를 다 넣었으면 양파를 위에 다 올려주세요','cook_step_연어장_05');
INSERT INTO recipe_process (recipe_process_id, recipe_id, recipe_process_sequence, recipe_process_description, recipe_process_image) VALUES (29,6,6,'장이 다 식었으면 통에 가득 차도록 부어줍니다','cook_step_연어장_06');
INSERT INTO recipe_process (recipe_process_id, recipe_id, recipe_process_sequence, recipe_process_description, recipe_process_image) VALUES (30,6,7,'통 뚜껑을 닫고 냉장고에 넣어 8시간정도 두고 먹어주세요 ','cook_step_연어장_07');
INSERT INTO recipe_process (recipe_process_id, recipe_id, recipe_process_sequence, recipe_process_description, recipe_process_image) VALUES (31,7,1,'먼저 베이컨을 잘게 조각내주세요','cook_step_모닝계란빵_01');
INSERT INTO recipe_process (recipe_process_id, recipe_id, recipe_process_sequence, recipe_process_description, recipe_process_image) VALUES (32,7,2,'사각치즈도 조각내줍니다','cook_step_모닝계란빵_02');
INSERT INTO recipe_process (recipe_process_id, recipe_id, recipe_process_sequence, recipe_process_description, recipe_process_image) VALUES (33,7,3,'모닝빵 속을 동그랗게 파내어 주세요','cook_step_모닝계란빵_03');
INSERT INTO recipe_process (recipe_process_id, recipe_id, recipe_process_sequence, recipe_process_description, recipe_process_image) VALUES (34,7,4,'빵 속안에 계란을 하나씩 깨드려 넣어주세요','cook_step_모닝계란빵_04');
INSERT INTO recipe_process (recipe_process_id, recipe_id, recipe_process_sequence, recipe_process_description, recipe_process_image) VALUES (35,7,5,'노른자를 포크로 콕콕 찔러 떠뜨려주세요','cook_step_모닝계란빵_05');
INSERT INTO recipe_process (recipe_process_id, recipe_id, recipe_process_sequence, recipe_process_description, recipe_process_image) VALUES (36,7,6,'조각냈던 베이컨과 치즈를 계란 위에 올려주세요','cook_step_모닝계란빵_06');
INSERT INTO recipe_process (recipe_process_id, recipe_id, recipe_process_sequence, recipe_process_description, recipe_process_image) VALUES (37,7,7,'전자레인지에 넣고  3개 기준 2분 30초 돌려주면 완성됩니다','cook_step_모닝계란빵_07');
INSERT INTO recipe_process (recipe_process_id, recipe_id, recipe_process_sequence, recipe_process_description, recipe_process_image) VALUES (38,7,8,'기호에 맞게 파슬리를 뿌려주세요','cook_step_모닝계란빵_08');
INSERT INTO recipe_process (recipe_process_id, recipe_id, recipe_process_sequence, recipe_process_description, recipe_process_image) VALUES (39,8,1,'제일 먼저 계란을 삶고 소금 1ts를 같이 넣어주세요','cook_step_계란장조림_01');
INSERT INTO recipe_process (recipe_process_id, recipe_id, recipe_process_sequence, recipe_process_description, recipe_process_image) VALUES (40,8,2,'10분간 삶고 찬물에 여러 번 헹군 다음 모두 껍질을 벗겨주세요','cook_step_계란장조림_02');
INSERT INTO recipe_process (recipe_process_id, recipe_id, recipe_process_sequence, recipe_process_description, recipe_process_image) VALUES (41,8,3,'물과 다시마를 넣고 육수를 만들어 주세요','cook_step_계란장조림_03');
INSERT INTO recipe_process (recipe_process_id, recipe_id, recipe_process_sequence, recipe_process_description, recipe_process_image) VALUES (42,8,4,'간장 6큰술 술(미림) 2큰술 설탕 1큰술 ','cook_step_계란장조림_04');
INSERT INTO recipe_process (recipe_process_id, recipe_id, recipe_process_sequence, recipe_process_description, recipe_process_image) VALUES (43,8,5,'이제 계란을 넣어주고 양파 반개, 대파 반쪽을 넣어줍니다','cook_step_계란장조림_05');
INSERT INTO recipe_process (recipe_process_id, recipe_id, recipe_process_sequence, recipe_process_description, recipe_process_image) VALUES (44,8,6,'약한 불에 40분정도 끓여주면 옅은 갈색으로 변하면 완성입니다','cook_step_계란장조림_06');
INSERT INTO recipe_process (recipe_process_id, recipe_id, recipe_process_sequence, recipe_process_description, recipe_process_image) VALUES (45,9,1,'돼지고기에 후추, 다진마늘 1스푼을 넣고 재여주세요','cook_step_돼지고기_케첩_간장조림_01');
INSERT INTO recipe_process (recipe_process_id, recipe_id, recipe_process_sequence, recipe_process_description, recipe_process_image) VALUES (46,9,2,'간장3스푼, 설탕 1스푼, 소주 2스푼, 다진마늘 1스푼, 케첩 1스푼','cook_step_돼지고기_케첩_간장조림_02');
INSERT INTO recipe_process (recipe_process_id, recipe_id, recipe_process_sequence, recipe_process_description, recipe_process_image) VALUES (47,9,3,'대파를 잘게 썰어주세요','cook_step_돼지고기_케첩_간장조림_03');
INSERT INTO recipe_process (recipe_process_id, recipe_id, recipe_process_sequence, recipe_process_description, recipe_process_image) VALUES (48,9,4,'재여둔 고기에 전분 1스푼을 넣어 버부려준 다음 팬에 오일을 둘러 완전히 익혀줍니다','cook_step_돼지고기_케첩_간장조림_04');
INSERT INTO recipe_process (recipe_process_id, recipe_id, recipe_process_sequence, recipe_process_description, recipe_process_image) VALUES (49,9,5,'다 익은 고기를 덜어놓고 대파를 3분 정도 볶아주세요','cook_step_돼지고기_케첩_간장조림_05');
INSERT INTO recipe_process (recipe_process_id, recipe_id, recipe_process_sequence, recipe_process_description, recipe_process_image) VALUES (50,9,6,'파가 투명해지면 고기와 잠깐 볶고 소스를 넣고 중불에 조려줍니다','cook_step_돼지고기_케첩_간장조림_06');
INSERT INTO recipe_process (recipe_process_id, recipe_id, recipe_process_sequence, recipe_process_description, recipe_process_image) VALUES (51,10,1,'옥수수 한캔의 물을 빼줍니다','cook_step_콘치즈_01');
INSERT INTO recipe_process (recipe_process_id, recipe_id, recipe_process_sequence, recipe_process_description, recipe_process_image) VALUES (52,10,2,'옥수수와 마요네즈 설탕을 넣고 잘 섞어 줍니다','cook_step_콘치즈_02');
INSERT INTO recipe_process (recipe_process_id, recipe_id, recipe_process_sequence, recipe_process_description, recipe_process_image) VALUES (53,10,3,'후라이팬에 기름을 두르고 섞어놓은 옥수수를 구워줍니다','cook_step_콘치즈_03');
INSERT INTO recipe_process (recipe_process_id, recipe_id, recipe_process_sequence, recipe_process_description, recipe_process_image) VALUES (54,10,4,'옥수수위에 치즈를 솔솔 뿌려줍니다','cook_step_콘치즈_04');
INSERT INTO recipe_process (recipe_process_id, recipe_id, recipe_process_sequence, recipe_process_description, recipe_process_image) VALUES (55,11,1,'마늘을 얇게 썰고 파, 베이컨을 잘게 잘라주세요.','cook_step_마늘볶음밥_01');
INSERT INTO recipe_process (recipe_process_id, recipe_id, recipe_process_sequence, recipe_process_description, recipe_process_image) VALUES (56,11,2,'팬에 기름을 2스푼 가득 넣고 간마늘과 편마늘을 넣어 조금 볶아주세요.','cook_step_마늘볶음밥_02');
INSERT INTO recipe_process (recipe_process_id, recipe_id, recipe_process_sequence, recipe_process_description, recipe_process_image) VALUES (57,11,3,'파, 베이컨 순으로 향이 올라올 때까지 볶아주세요.','cook_step_마늘볶음밥_03');
INSERT INTO recipe_process (recipe_process_id, recipe_id, recipe_process_sequence, recipe_process_description, recipe_process_image) VALUES (58,11,4,'밥 1공기를 넣고 조금 볶아주다가 간장 1스푼을 넣어 간을 살짝 해주세요.','cook_step_마늘볶음밥_04');
INSERT INTO recipe_process (recipe_process_id, recipe_id, recipe_process_sequence, recipe_process_description, recipe_process_image) VALUES (59,11,5,'잘 볶아주시면 완성!','cook_step_마늘볶음밥_05');
INSERT INTO recipe_process (recipe_process_id, recipe_id, recipe_process_sequence, recipe_process_description, recipe_process_image) VALUES (60,12,1,'육수, 간장, 맛술, 소금을 넣고 끓여주세요.','cook_step_잔치국수_01');
INSERT INTO recipe_process (recipe_process_id, recipe_id, recipe_process_sequence, recipe_process_description, recipe_process_image) VALUES (61,12,2,'끓을 동안 채썰어둔 양파와 당근을 넣어주고 다시 끓여주세요.','cook_step_잔치국수_02');
INSERT INTO recipe_process (recipe_process_id, recipe_id, recipe_process_sequence, recipe_process_description, recipe_process_image) VALUES (62,12,3,'간장, 고춧가루, 간마늘, 참기름과 잘게 썬 대파, 청양고추를 넣어 양념장을 만들어주세요.','cook_step_잔치국수_03');
INSERT INTO recipe_process (recipe_process_id, recipe_id, recipe_process_sequence, recipe_process_description, recipe_process_image) VALUES (63,12,4,'달군팬에 약간의 기름을 두르고, 약한불에서 지단을 부친 후 지단을 돌돌말아 채를 썰어주세요.','cook_step_잔치국수_04');
INSERT INTO recipe_process (recipe_process_id, recipe_id, recipe_process_sequence, recipe_process_description, recipe_process_image) VALUES (64,12,5,'끓는 물에 소면을 펼쳐 넣고 물이 끓어오르면 중간에 2~3번 찬물을 넣어 면을 삶아주세요.','cook_step_잔치국수_05');
INSERT INTO recipe_process (recipe_process_id, recipe_id, recipe_process_sequence, recipe_process_description, recipe_process_image) VALUES (65,12,6,'삶아진 면을 찬물에 행궈 동그랗게 말아주세요.','cook_step_잔치국수_06');
INSERT INTO recipe_process (recipe_process_id, recipe_id, recipe_process_sequence, recipe_process_description, recipe_process_image) VALUES (66,12,7,'국수를 그릇에 담고 달걀지단, 고명, 양념장을 올리고 따뜻한 국수국물을 부어주세요.','cook_step_잔치국수_07');
INSERT INTO recipe_process (recipe_process_id, recipe_id, recipe_process_sequence, recipe_process_description, recipe_process_image) VALUES (67,13,1,'닭을 우유에 20분 재워둔 뒤 깨끗이 씻어 물기를 제거해주세요.','cook_step_찜닭_01');
INSERT INTO recipe_process (recipe_process_id, recipe_id, recipe_process_sequence, recipe_process_description, recipe_process_image) VALUES (68,13,2,'당근, 감자, 양파를 큼직하게 잘라주세요.','cook_step_찜닭_02');
INSERT INTO recipe_process (recipe_process_id, recipe_id, recipe_process_sequence, recipe_process_description, recipe_process_image) VALUES (69,13,3,'냄비에 기름을 두르고 으깬 마늘, 고추를 볶다가 닭을 넣고 굽듯이 볶아주세요.','cook_step_찜닭_03');
INSERT INTO recipe_process (recipe_process_id, recipe_id, recipe_process_sequence, recipe_process_description, recipe_process_image) VALUES (70,13,4,'닭 겉면이 노릇하게 익으면 설탕, 맛술, 간장, 다진마늘, 물을 넣고 끓여주세요. (순후추는 취향껏)','cook_step_찜닭_04');
INSERT INTO recipe_process (recipe_process_id, recipe_id, recipe_process_sequence, recipe_process_description, recipe_process_image) VALUES (71,13,5,'물이 끓으면 거품을 걷어내고 뚜껑을 덮어 10~15분 중불에서 끓여주세요.','cook_step_찜닭_05');
INSERT INTO recipe_process (recipe_process_id, recipe_id, recipe_process_sequence, recipe_process_description, recipe_process_image) VALUES (72,13,6,'감자를 넣고 5분 끓여주세요.','cook_step_찜닭_06');
INSERT INTO recipe_process (recipe_process_id, recipe_id, recipe_process_sequence, recipe_process_description, recipe_process_image) VALUES (73,13,7,'당근, 양파를 넣고 5분 끓여주세요.','cook_step_찜닭_07');
INSERT INTO recipe_process (recipe_process_id, recipe_id, recipe_process_sequence, recipe_process_description, recipe_process_image) VALUES (74,13,8,'불린 납작당면은 10분, 일반 당면은 5분 더 끓여주세요.','cook_step_찜닭_08');
INSERT INTO recipe_process (recipe_process_id, recipe_id, recipe_process_sequence, recipe_process_description, recipe_process_image) VALUES (75,13,9,'취향에 따라 대파, 떡, 버섯을 추가해주세요.','cook_step_찜닭_09');
INSERT INTO recipe_process (recipe_process_id, recipe_id, recipe_process_sequence, recipe_process_description, recipe_process_image) VALUES (76,14,1,'양파 반개와 대파 반개를 썰어주세요.','cook_step_오야꼬동_01');
INSERT INTO recipe_process (recipe_process_id, recipe_id, recipe_process_sequence, recipe_process_description, recipe_process_image) VALUES (77,14,2,'닭가슴살 1개를 한입 크기로 썰고 소금, 후추를 뿌려 재워주세요.','cook_step_오야꼬동_02');
INSERT INTO recipe_process (recipe_process_id, recipe_id, recipe_process_sequence, recipe_process_description, recipe_process_image) VALUES (78,14,3,'간장 3스푼, 소주 1스푼, 설탕 2스푼에 물 2/3컵을 넣어 소스를 만들어주세요.','cook_step_오야꼬동_03');
INSERT INTO recipe_process (recipe_process_id, recipe_id, recipe_process_sequence, recipe_process_description, recipe_process_image) VALUES (79,14,4,'계란 3개를 미리 풀어주세요.','cook_step_오야꼬동_04');
INSERT INTO recipe_process (recipe_process_id, recipe_id, recipe_process_sequence, recipe_process_description, recipe_process_image) VALUES (80,14,5,'기름을 둘러 닭고기가 노릇할 때까지 완전히 구워주세요.','cook_step_오야꼬동_05');
INSERT INTO recipe_process (recipe_process_id, recipe_id, recipe_process_sequence, recipe_process_description, recipe_process_image) VALUES (81,14,6,'소스와 양파, 파를 넣고 중불로 끓여주세요.','cook_step_오야꼬동_06');
INSERT INTO recipe_process (recipe_process_id, recipe_id, recipe_process_sequence, recipe_process_description, recipe_process_image) VALUES (82,14,7,'계란 물을 부어 80%정도 익으면 밥에 얹어주세요.','cook_step_오야꼬동_07');
INSERT INTO recipe_process (recipe_process_id, recipe_id, recipe_process_sequence, recipe_process_description, recipe_process_image) VALUES (83,15,1,'고기를 키친타올로 눌러 핏물을 제거해주세요.','cook_step_불고기_01');
INSERT INTO recipe_process (recipe_process_id, recipe_id, recipe_process_sequence, recipe_process_description, recipe_process_image) VALUES (84,15,2,'먹기 좋은 크기로 자른 다음 손으로 살살 풀어주세요.','cook_step_불고기_02');
INSERT INTO recipe_process (recipe_process_id, recipe_id, recipe_process_sequence, recipe_process_description, recipe_process_image) VALUES (85,15,3,'간장 5스푼, 다진마늘 1스푼, 설탕 1스푼, 매실액기스 2스푼, 물엿 2스푼, 후추 조금넣고 잘 버무려 20분간 재워주세요.','cook_step_불고기_03');
INSERT INTO recipe_process (recipe_process_id, recipe_id, recipe_process_sequence, recipe_process_description, recipe_process_image) VALUES (86,15,4,'양파 반개, 당근 1/3개, 양배추 조금을 약간 큼직하게 썰어주세요.','cook_step_불고기_04');
INSERT INTO recipe_process (recipe_process_id, recipe_id, recipe_process_sequence, recipe_process_description, recipe_process_image) VALUES (87,15,5,'팬에 오일을 두르고 센 불에 살살 풀어가며 구워주세요.','cook_step_불고기_05');
INSERT INTO recipe_process (recipe_process_id, recipe_id, recipe_process_sequence, recipe_process_description, recipe_process_image) VALUES (88,15,6,'야채는 고기가 80%정도 익었을 때 넣어주세요.','cook_step_불고기_06');
INSERT INTO recipe_process (recipe_process_id, recipe_id, recipe_process_sequence, recipe_process_description, recipe_process_image) VALUES (89,15,7,'마지막으로 다진 쪽파를 넣고 야채가 조금 덜 익었을 때 불을 끄고 잔열로 익혀주세요.','cook_step_불고기_07');
INSERT INTO recipe_process (recipe_process_id, recipe_id, recipe_process_sequence, recipe_process_description, recipe_process_image) VALUES (90,16,1,'배추와 깻잎을 씻어 물기를 털고 배추 1장에 깻잎 2장을 깔고 위에는 배추 길이에 맞게 고기를 깔아주세요. 이 과정을 반복해 원하는 만큼 여러 세트를 만들어주세요.','cook_step_밀푀유나베_01');
INSERT INTO recipe_process (recipe_process_id, recipe_id, recipe_process_sequence, recipe_process_description, recipe_process_image) VALUES (91,16,2,'1세트를 먹기 좋게 3등분해서 냄비에 빙 둘러준다는 느낌으로 차곡차곡 넣어주세요.','cook_step_밀푀유나베_02');
INSERT INTO recipe_process (recipe_process_id, recipe_id, recipe_process_sequence, recipe_process_description, recipe_process_image) VALUES (92,16,3,'고명으로 표고버섯과 당근을 올려주세요.','cook_step_밀푀유나베_03');
INSERT INTO recipe_process (recipe_process_id, recipe_id, recipe_process_sequence, recipe_process_description, recipe_process_image) VALUES (93,16,4,'육수 600ml, 멸치 장국 2스푼, 간장 2스푼, 다진 마늘 1티스푼, 소주 3스푼을 섞어 냄비에 부어주세요.','cook_step_밀푀유나베_04');
INSERT INTO recipe_process (recipe_process_id, recipe_id, recipe_process_sequence, recipe_process_description, recipe_process_image) VALUES (94,16,5,'센불에 8분, 중불에 2분 끓여주세요.
','cook_step_밀푀유나베_05');
INSERT INTO recipe_process (recipe_process_id, recipe_id, recipe_process_sequence, recipe_process_description, recipe_process_image) VALUES (95,17,1,'미역에 물을 부어 20분간 불려주세요.','cook_step_미역국_01');
INSERT INTO recipe_process (recipe_process_id, recipe_id, recipe_process_sequence, recipe_process_description, recipe_process_image) VALUES (96,17,2,'미역이 불으면 씻어서 가위로 잘라주세요.','cook_step_미역국_02');
INSERT INTO recipe_process (recipe_process_id, recipe_id, recipe_process_sequence, recipe_process_description, recipe_process_image) VALUES (97,17,3,'달군 냄비에 참기름 2스푼을 넣고 소고기를 볶아주세요.','cook_step_미역국_03');
INSERT INTO recipe_process (recipe_process_id, recipe_id, recipe_process_sequence, recipe_process_description, recipe_process_image) VALUES (98,17,4,'미역과 국간장 6스푼을 넣고 볶아주세요.','cook_step_미역국_04');
INSERT INTO recipe_process (recipe_process_id, recipe_id, recipe_process_sequence, recipe_process_description, recipe_process_image) VALUES (99,17,5,'뚜껑을 닫고 간이 배이게 7~10분쯤 푹 끓여주세요.','cook_step_미역국_05');
INSERT INTO recipe_process (recipe_process_id, recipe_id, recipe_process_sequence, recipe_process_description, recipe_process_image) VALUES (100,17,6,'물 1.5L를 넣고 물이 끓을 때까지 센불, 물이 끓은 후에는 중불로 낮춰서 25~30분간 푹 끓여주세요.','cook_step_미역국_06');
INSERT INTO recipe_process (recipe_process_id, recipe_id, recipe_process_sequence, recipe_process_description, recipe_process_image) VALUES (101,17,7,'마무리도 멸치액젓 1스푼을 넣어주세요. 간이 필요하면 간장이 아닌 소금으로 맞춰주세요.','cook_step_미역국_07');
INSERT INTO recipe_process (recipe_process_id, recipe_id, recipe_process_sequence, recipe_process_description, recipe_process_image) VALUES (102,18,1,'고추장 3스푼, 간장 2스푼, 설탕 2스푼, 소주 2스푼, 고춧가루 2스푼으로 양념장을 만들어주세요.','cook_step_콩나물불고기_01');
INSERT INTO recipe_process (recipe_process_id, recipe_id, recipe_process_sequence, recipe_process_description, recipe_process_image) VALUES (103,18,2,'양파 반개, 버섯, 대파 1개를 썰어주세요.','cook_step_콩나물불고기_02');
INSERT INTO recipe_process (recipe_process_id, recipe_id, recipe_process_sequence, recipe_process_description, recipe_process_image) VALUES (104,18,3,'깊은 팬에 야채, 콩나물, 양념장(조금) 순으로 올려주세요.','cook_step_콩나물불고기_03');
INSERT INTO recipe_process (recipe_process_id, recipe_id, recipe_process_sequence, recipe_process_description, recipe_process_image) VALUES (105,18,4,'대패삼겹살을 올리고 나머지 양념장을 올려주세요.','cook_step_콩나물불고기_04');
INSERT INTO recipe_process (recipe_process_id, recipe_id, recipe_process_sequence, recipe_process_description, recipe_process_image) VALUES (106,18,5,'뚜껑을 닫고 중불로 10분동안 끓여주세요.','cook_step_콩나물불고기_05');
INSERT INTO recipe_process (recipe_process_id, recipe_id, recipe_process_sequence, recipe_process_description, recipe_process_image) VALUES (107,18,6,'10분 동안 야채에서 물이 나와 촉촉해지면 센불에 전체적으로 볶아주세요.','cook_step_콩나물불고기_06');
INSERT INTO recipe_process (recipe_process_id, recipe_id, recipe_process_sequence, recipe_process_description, recipe_process_image) VALUES (108,19,1,'미트볼을 뜨거운 물에 익혀주세요.','cook_step_치즈미트볼스파게티_01');
INSERT INTO recipe_process (recipe_process_id, recipe_id, recipe_process_sequence, recipe_process_description, recipe_process_image) VALUES (109,19,2,'물에 소금 1티스푼을 넣고 물이 끓으면 스파게티면을 펼쳐 넣어주세요.','cook_step_치즈미트볼스파게티_02');
INSERT INTO recipe_process (recipe_process_id, recipe_id, recipe_process_sequence, recipe_process_description, recipe_process_image) VALUES (110,19,3,'약 9분정도 면을 삶아주세요. 중간에 오일을 넣으면 면이 더 부드러워져요.','cook_step_치즈미트볼스파게티_03');
INSERT INTO recipe_process (recipe_process_id, recipe_id, recipe_process_sequence, recipe_process_description, recipe_process_image) VALUES (111,19,4,'면이 익으면 물에서 건져내주세요.','cook_step_치즈미트볼스파게티_04');
INSERT INTO recipe_process (recipe_process_id, recipe_id, recipe_process_sequence, recipe_process_description, recipe_process_image) VALUES (112,19,5,'달군 팬에 오일 1스푼을 두르고 면을 조금 볶다가 스파게티 소스를 붓고, 잘 스며들게 볶아주세요.','cook_step_치즈미트볼스파게티_05');
INSERT INTO recipe_process (recipe_process_id, recipe_id, recipe_process_sequence, recipe_process_description, recipe_process_image) VALUES (113,19,6,'마지막으로 미트볼과 치즈가루를 넣어주세요.','cook_step_치즈미트볼스파게티_06');
INSERT INTO recipe_process (recipe_process_id, recipe_id, recipe_process_sequence, recipe_process_description, recipe_process_image) VALUES (114,20,1,'무를 네모나게 썰고, 대파를 잘게 썰어주세요.','cook_step_소고기무국_01');
INSERT INTO recipe_process (recipe_process_id, recipe_id, recipe_process_sequence, recipe_process_description, recipe_process_image) VALUES (115,20,2,'냄비에 참기름 1스푼 두르고 소고기를 살짝 익을 때까지 볶아주세요.','cook_step_소고기무국_02');
INSERT INTO recipe_process (recipe_process_id, recipe_id, recipe_process_sequence, recipe_process_description, recipe_process_image) VALUES (116,20,3,'물 400ml를 붓고 센 불에서 끓여주세요. 중간에 나오는 거품은 살살 걷어내주세요.','cook_step_소고기무국_03');
INSERT INTO recipe_process (recipe_process_id, recipe_id, recipe_process_sequence, recipe_process_description, recipe_process_image) VALUES (117,20,4,'썰어둔 무와 다진 마늘 1스푼, 간장 2스푼, 액젓 1스푼을 넣고 계속 끓여주세요.','cook_step_소고기무국_04');
INSERT INTO recipe_process (recipe_process_id, recipe_id, recipe_process_sequence, recipe_process_description, recipe_process_image) VALUES (118,20,5,'뚜껑을 닫고 무가 투명해질 때까지 중불로 끓여주세요.','cook_step_소고기무국_05');
INSERT INTO recipe_process (recipe_process_id, recipe_id, recipe_process_sequence, recipe_process_description, recipe_process_image) VALUES (119,20,6,'대파를 넣고 끓여주시면 완성!','cook_step_소고기무국_06');
INSERT INTO recipe_process (recipe_process_id, recipe_id, recipe_process_sequence, recipe_process_description, recipe_process_image) VALUES (120,21,1,'무는 굵직하게 채썰고, 대파, 고추도 먹기좋게 썰어 준비합니다.','cook_step_백종원_무된장찌개_01');
INSERT INTO recipe_process (recipe_process_id, recipe_id, recipe_process_sequence, recipe_process_description, recipe_process_image) VALUES (121,21,2,'냄비에 기름을 두르고 돼지고기 겉면을 익혀줍니다.','cook_step_백종원_무된장찌개_02');
INSERT INTO recipe_process (recipe_process_id, recipe_id, recipe_process_sequence, recipe_process_description, recipe_process_image) VALUES (122,21,3,'돼지고기 겉면이 익으면 냄비에 채썬 무를 넣고 볶아 줍니다.','cook_step_백종원_무된장찌개_03');
INSERT INTO recipe_process (recipe_process_id, recipe_id, recipe_process_sequence, recipe_process_description, recipe_process_image) VALUES (123,21,4,'단단한 무가 물컹해지면 된장 3과 고추장 1을 넣고 볶아주세요.','cook_step_백종원_무된장찌개_04');
INSERT INTO recipe_process (recipe_process_id, recipe_id, recipe_process_sequence, recipe_process_description, recipe_process_image) VALUES (124,21,5,'양념이 충분히 배어들면 쌀뜨물을 넣어 줍니다.','cook_step_백종원_무된장찌개_05');
INSERT INTO recipe_process (recipe_process_id, recipe_id, recipe_process_sequence, recipe_process_description, recipe_process_image) VALUES (125,21,6,'다진마늘, 고춧가루를 넣고 끓입니다.','cook_step_백종원_무된장찌개_06');
INSERT INTO recipe_process (recipe_process_id, recipe_id, recipe_process_sequence, recipe_process_description, recipe_process_image) VALUES (126,21,7,'국물이 자작해지면 대파, 고추를 넣고 푹 끓입니다.','cook_step_백종원_무된장찌개_07');
INSERT INTO recipe_process (recipe_process_id, recipe_id, recipe_process_sequence, recipe_process_description, recipe_process_image) VALUES (127,21,8,'완성','cook_step_백종원_무된장찌개_08');
INSERT INTO recipe_process (recipe_process_id, recipe_id, recipe_process_sequence, recipe_process_description, recipe_process_image) VALUES (128,22,1,'팬에 식용유를 두르고 반숙으로 계란프라이를 만들어줍니다.','cook_step_간장계란밥_01');
INSERT INTO recipe_process (recipe_process_id, recipe_id, recipe_process_sequence, recipe_process_description, recipe_process_image) VALUES (129,22,2,'계란프라이를 밥 위에 올려줍니다. 취향껏 김가루나 깨, 부추를 올려줍니다.','cook_step_간장계란밥_02');
INSERT INTO recipe_process (recipe_process_id, recipe_id, recipe_process_sequence, recipe_process_description, recipe_process_image) VALUES (130,22,3,'밥 위에 간장을 부어줍니다.','cook_step_간장계란밥_03');
INSERT INTO recipe_process (recipe_process_id, recipe_id, recipe_process_sequence, recipe_process_description, recipe_process_image) VALUES (131,22,4,'밥 위에 참기름을 부어줍니다.','cook_step_간장계란밥_04');
INSERT INTO recipe_process (recipe_process_id, recipe_id, recipe_process_sequence, recipe_process_description, recipe_process_image) VALUES (132,22,5,'잘 비벼주면 완성','cook_step_간장계란밥_05');
INSERT INTO recipe_process (recipe_process_id, recipe_id, recipe_process_sequence, recipe_process_description, recipe_process_image) VALUES (133,23,1,'스팸을 잘게 잘라줍니다.','cook_step_스팸마요덮밥_01');
INSERT INTO recipe_process (recipe_process_id, recipe_id, recipe_process_sequence, recipe_process_description, recipe_process_image) VALUES (134,23,2,'양파를 얇게 저며줍니다.','cook_step_스팸마요덮밥_02');
INSERT INTO recipe_process (recipe_process_id, recipe_id, recipe_process_sequence, recipe_process_description, recipe_process_image) VALUES (135,23,3,'달걀을 2개 깨서 저어준 후 스크램블로 부쳐줍니다.','cook_step_스팸마요덮밥_03');
INSERT INTO recipe_process (recipe_process_id, recipe_id, recipe_process_sequence, recipe_process_description, recipe_process_image) VALUES (136,23,4,'양파를 기름을 두른 팬에서 익혀줍니다.','cook_step_스팸마요덮밥_04');
INSERT INTO recipe_process (recipe_process_id, recipe_id, recipe_process_sequence, recipe_process_description, recipe_process_image) VALUES (137,23,5,'양파가 약간 물컹해지면 스팸을 넣고 익혀줍니다.','cook_step_스팸마요덮밥_05');
INSERT INTO recipe_process (recipe_process_id, recipe_id, recipe_process_sequence, recipe_process_description, recipe_process_image) VALUES (138,23,6,'간장과 설탕으로 간을 맞춰줍니다.','cook_step_스팸마요덮밥_06');
INSERT INTO recipe_process (recipe_process_id, recipe_id, recipe_process_sequence, recipe_process_description, recipe_process_image) VALUES (139,23,7,'밥 위에 달걀과 볶은 양파와 스팸을 얹어주세요.','cook_step_스팸마요덮밥_07');
INSERT INTO recipe_process (recipe_process_id, recipe_id, recipe_process_sequence, recipe_process_description, recipe_process_image) VALUES (140,23,8,'마요네즈와 쪽파를 뿌리면 완성','cook_step_스팸마요덮밥_08');
INSERT INTO recipe_process (recipe_process_id, recipe_id, recipe_process_sequence, recipe_process_description, recipe_process_image) VALUES (141,24,1,'감자껍질과 씨눈을 제거합니다.','cook_step_감자전_01');
INSERT INTO recipe_process (recipe_process_id, recipe_id, recipe_process_sequence, recipe_process_description, recipe_process_image) VALUES (142,24,2,'감자는 강판에 쓱쓱 갈아주세요.\n식감대신 편한 조리를 원한다면 믹서기에 갈아주시면 됩니다.','cook_step_감자전_02');
INSERT INTO recipe_process (recipe_process_id, recipe_id, recipe_process_sequence, recipe_process_description, recipe_process_image) VALUES (143,24,3,'볼위에 체를 올리고 간 감자를 부어 걸러주세요.\n걸러진 감자 간 물은 절대 버리지마세요!','cook_step_감자전_03');
INSERT INTO recipe_process (recipe_process_id, recipe_id, recipe_process_sequence, recipe_process_description, recipe_process_image) VALUES (144,24,4,'감자 간 물은 15분 정도 가라앉힙니다.','cook_step_감자전_04');
INSERT INTO recipe_process (recipe_process_id, recipe_id, recipe_process_sequence, recipe_process_description, recipe_process_image) VALUES (145,24,5,'15분 후 감자간 윗물은 살살 따라버리세요.\n바닥에 하얗게 보이는 것이 감자 전분입니다.','cook_step_감자전_05');
INSERT INTO recipe_process (recipe_process_id, recipe_id, recipe_process_sequence, recipe_process_description, recipe_process_image) VALUES (146,24,6,'볼에 물기 제거한 감자와 감자 전분, 소금 1/4큰술을 넣어줍니다.','cook_step_감자전_06');
INSERT INTO recipe_process (recipe_process_id, recipe_id, recipe_process_sequence, recipe_process_description, recipe_process_image) VALUES (147,24,7,'골고루 섞어줍니다.','cook_step_감자전_07');
INSERT INTO recipe_process (recipe_process_id, recipe_id, recipe_process_sequence, recipe_process_description, recipe_process_image) VALUES (148,24,8,'예열된 팬에 식용유 2큰술을 넣어줍니다.','cook_step_감자전_08');
INSERT INTO recipe_process (recipe_process_id, recipe_id, recipe_process_sequence, recipe_process_description, recipe_process_image) VALUES (149,24,9,'한수저씩 놓고 모양잡아 부칩니다.','cook_step_감자전_09');
INSERT INTO recipe_process (recipe_process_id, recipe_id, recipe_process_sequence, recipe_process_description, recipe_process_image) VALUES (150,24,10,'아랫면이 투명해지면 뒤집어 부칩니다.','cook_step_감자전_10');
INSERT INTO recipe_process (recipe_process_id, recipe_id, recipe_process_sequence, recipe_process_description, recipe_process_image) VALUES (151,24,11,'뒤집은 아랫면도 잘 익었으면 완성','cook_step_감자전_11');
INSERT INTO recipe_process (recipe_process_id, recipe_id, recipe_process_sequence, recipe_process_description, recipe_process_image) VALUES (152,25,1,'소세지에 칼집을 넣어줍니다.\n 떡은 그릇에 잠기도록 물을 부어준 다음 전자렌지에 3분 돌려줍니다. ','cook_step_소떡소떡_01');
INSERT INTO recipe_process (recipe_process_id, recipe_id, recipe_process_sequence, recipe_process_description, recipe_process_image) VALUES (153,25,2,'떡과 소시지를 번갈아가며 꼬치에 끼워주세요.\n꼬치가 없다면 나무젓가락을 쓰거나 생략해도 무방합니다.','cook_step_소떡소떡_02');
INSERT INTO recipe_process (recipe_process_id, recipe_id, recipe_process_sequence, recipe_process_description, recipe_process_image) VALUES (154,25,3,'후라이팬에 기름을 두르고 중불에서 꼬치를 구워주세요.','cook_step_소떡소떡_03');
INSERT INTO recipe_process (recipe_process_id, recipe_id, recipe_process_sequence, recipe_process_description, recipe_process_image) VALUES (155,25,4,'이제 양념장을 만들 차례입니다. 고추장1T, 설탕2T, 케찹3T, 다진마늘1T, 물소량을 후라이팬에 넣어주세요.','cook_step_소떡소떡_04');
INSERT INTO recipe_process (recipe_process_id, recipe_id, recipe_process_sequence, recipe_process_description, recipe_process_image) VALUES (156,25,5,'양념을 잘 풀어주세요. 약불에서 졸이는데 원하는 농도보다 조금 더 묽을 때 불을 꺼줍니다.','cook_step_소떡소떡_05');
INSERT INTO recipe_process (recipe_process_id, recipe_id, recipe_process_sequence, recipe_process_description, recipe_process_image) VALUES (157,25,6,'완성된 양념을 구운 꼬치에 발라주세요.','cook_step_소떡소떡_06');
INSERT INTO recipe_process (recipe_process_id, recipe_id, recipe_process_sequence, recipe_process_description, recipe_process_image) VALUES (158,25,7,'케첩, 머스타드, 땅콩가루를 뿌려주면 더 맛있습니다.','cook_step_소떡소떡_07');
INSERT INTO recipe_process (recipe_process_id, recipe_id, recipe_process_sequence, recipe_process_description, recipe_process_image) VALUES (159,26,1,'기름을 두른 팬에 얇게 썬 마늘과 손질한 양파를 볶아 향을 내줍니다.','cook_step_에그인헬_01');
INSERT INTO recipe_process (recipe_process_id, recipe_id, recipe_process_sequence, recipe_process_description, recipe_process_image) VALUES (160,26,2,'소시지와 버섯, 피망을 모두 넣고 소금, 후추로 간을 맞춰준 뒤 볶아주세요.','cook_step_에그인헬_02');
INSERT INTO recipe_process (recipe_process_id, recipe_id, recipe_process_sequence, recipe_process_description, recipe_process_image) VALUES (161,26,3,'토마토소스를 넣어줍니다.','cook_step_에그인헬_03');
INSERT INTO recipe_process (recipe_process_id, recipe_id, recipe_process_sequence, recipe_process_description, recipe_process_image) VALUES (162,26,4,'우유로 농도를 묽게 만들어줍니다.(우유 대신 물로도 가능합니다.)','cook_step_에그인헬_04');
INSERT INTO recipe_process (recipe_process_id, recipe_id, recipe_process_sequence, recipe_process_description, recipe_process_image) VALUES (163,26,5,'모짜렐라 치즈를 둠뿍 넣어줍니다.','cook_step_에그인헬_05');
INSERT INTO recipe_process (recipe_process_id, recipe_id, recipe_process_sequence, recipe_process_description, recipe_process_image) VALUES (164,26,6,'계란을 깨뜨려 올려준 뒤 뚜껑을 덮어줍니다.\n(완숙 : 2~3분, 반숙: 1분)','cook_step_에그인헬_06');
INSERT INTO recipe_process (recipe_process_id, recipe_id, recipe_process_sequence, recipe_process_description, recipe_process_image) VALUES (165,26,7,'완성','cook_step_에그인헬_07');
INSERT INTO recipe_process (recipe_process_id, recipe_id, recipe_process_sequence, recipe_process_description, recipe_process_image) VALUES (166,27,1,'양배추와 양파를 잘게 썰어주세요.','cook_step_오코노미야끼_01');
INSERT INTO recipe_process (recipe_process_id, recipe_id, recipe_process_sequence, recipe_process_description, recipe_process_image) VALUES (167,27,2,'계란 2개를 잘 풀어준 뒤 튀김가루 1큰술과 밀가루 1큰술을 넣고 섞어주세요.','cook_step_오코노미야끼_02');
INSERT INTO recipe_process (recipe_process_id, recipe_id, recipe_process_sequence, recipe_process_description, recipe_process_image) VALUES (168,27,3,'기름뺀 참치캔도 1개 넣고 섞어주세요.','cook_step_오코노미야끼_03');
INSERT INTO recipe_process (recipe_process_id, recipe_id, recipe_process_sequence, recipe_process_description, recipe_process_image) VALUES (169,27,4,'썰어둔 양배추와 양파를 넣고 섞어주세요.','cook_step_오코노미야끼_04');
INSERT INTO recipe_process (recipe_process_id, recipe_id, recipe_process_sequence, recipe_process_description, recipe_process_image) VALUES (170,27,5,'팬에 기름을 두르고 반죽을 펴주세요.\n그 뒤 약불로 노릇하게 구운 다음 뒤집어주세요.','cook_step_오코노미야끼_05');
INSERT INTO recipe_process (recipe_process_id, recipe_id, recipe_process_sequence, recipe_process_description, recipe_process_image) VALUES (171,27,6,'위에 돈까스 소스를 넓게 펴바르고 마요네즈로 체크무늬를 그려주세요.\n 가쓰오부시를 넉넉하게 뿌려주면 완성','cook_step_오코노미야끼_06');
INSERT INTO recipe_process (recipe_process_id, recipe_id, recipe_process_sequence, recipe_process_description, recipe_process_image) VALUES (172,28,1,'양파 1/2개를 채썰어주세요. 베이컨도 먹기 좋게 썰어줍니다.','cook_step_우유버터파스타_01');
INSERT INTO recipe_process (recipe_process_id, recipe_id, recipe_process_sequence, recipe_process_description, recipe_process_image) VALUES (173,28,2,'팬에 물 500ml, 우유 300ml, 버터 2조각(40g)을 넣은 뒤 파스타면을 바로 넣고 끓여주세요.\n (저지방, 무지방 우유 말고 그냥 우유를 사용하세요.)','cook_step_우유버터파스타_02');
INSERT INTO recipe_process (recipe_process_id, recipe_id, recipe_process_sequence, recipe_process_description, recipe_process_image) VALUES (174,28,3,'강불에 10분간 끓이고 불을 낮춰주세요.','cook_step_우유버터파스타_03');
INSERT INTO recipe_process (recipe_process_id, recipe_id, recipe_process_sequence, recipe_process_description, recipe_process_image) VALUES (175,28,4,'우유가 좀 꾸덕해지면 양파, 베이컨, 굴소스 1큰술을 넣고 중불로 10분간 끓여주세요.','cook_step_우유버터파스타_04');
INSERT INTO recipe_process (recipe_process_id, recipe_id, recipe_process_sequence, recipe_process_description, recipe_process_image) VALUES (176,28,5,'더 꾸덕해지면 다진마늘 1큰술도 넣어주세요.','cook_step_우유버터파스타_05');
INSERT INTO recipe_process (recipe_process_id, recipe_id, recipe_process_sequence, recipe_process_description, recipe_process_image) VALUES (177,28,6,'마무리로 후추, 파슬리, 파마산치즈가루를 뿌리면 완성(선택)','cook_step_우유버터파스타_06');
INSERT INTO recipe_process (recipe_process_id, recipe_id, recipe_process_sequence, recipe_process_description, recipe_process_image) VALUES (178,29,1,'김치와 삼겹살을 미리 한입크기로 잘게 잘라서 준비해주세요.','cook_step_삼겹살김치볶음_01');
INSERT INTO recipe_process (recipe_process_id, recipe_id, recipe_process_sequence, recipe_process_description, recipe_process_image) VALUES (179,29,2,'달군 팬에 올리브유 1큰술을 넣고 김치를 넣어 1분 정도 볶아주세요,','cook_step_삼겹살김치볶음_02');
INSERT INTO recipe_process (recipe_process_id, recipe_id, recipe_process_sequence, recipe_process_description, recipe_process_image) VALUES (180,29,3,'설탕 1큰술을 넣은 뒤 살짝 볶아주고 삼겹살을 넣어주세요.','cook_step_삼겹살김치볶음_03');
INSERT INTO recipe_process (recipe_process_id, recipe_id, recipe_process_sequence, recipe_process_description, recipe_process_image) VALUES (181,29,4,'삼겹살이 좀 익을 정도로 볶아주다가 간장을 2큰술 넣어주세요. 짜게 드시기 싫으시다면 1큰술만 넣어주세요.','cook_step_삼겹살김치볶음_04');
INSERT INTO recipe_process (recipe_process_id, recipe_id, recipe_process_sequence, recipe_process_description, recipe_process_image) VALUES (182,29,5,'불을 낮춰 간장을 졸여주며 볶아줍니다. 마지막으로 고춧가루 2ts을 넣어주세요.\n기호에 따라 고춧가루를 더 넣으셔도 됩니다.','cook_step_삼겹살김치볶음_05');
INSERT INTO recipe_process (recipe_process_id, recipe_id, recipe_process_sequence, recipe_process_description, recipe_process_image) VALUES (183,29,6,'완성!','cook_step_삼겹살김치볶음_06');
INSERT INTO recipe_process (recipe_process_id, recipe_id, recipe_process_sequence, recipe_process_description, recipe_process_image) VALUES (184,30,1,'대파, 파프리카, 양파를 썰어주세요.(대파: 송송 썰기 / 파프리카,양파: 깍둑썰기)\n소세지도 적당한 크기로 썰어주세요.\n파프리카 외 다른 채소로 대체할 수 있어요!','cook_step_케찹_오므라이스_01');
INSERT INTO recipe_process (recipe_process_id, recipe_id, recipe_process_sequence, recipe_process_description, recipe_process_image) VALUES (185,30,2,'팬에 식용유를 두르고 대파를 볶아 파기름을 내주세요. 파향이 고소하게 올라오면 양파를 넣고 볶습니다.','cook_step_케찹_오므라이스_02');
INSERT INTO recipe_process (recipe_process_id, recipe_id, recipe_process_sequence, recipe_process_description, recipe_process_image) VALUES (186,30,3,'양파가 반투명해지면 소세지를 넣고 볶습니다.','cook_step_케찹_오므라이스_03');
INSERT INTO recipe_process (recipe_process_id, recipe_id, recipe_process_sequence, recipe_process_description, recipe_process_image) VALUES (187,30,4,'마지막으로 파프리카를 넣은 후 소금과 후추로 간을 맞춰주세요.','cook_step_케찹_오므라이스_04');
INSERT INTO recipe_process (recipe_process_id, recipe_id, recipe_process_sequence, recipe_process_description, recipe_process_image) VALUES (188,30,5,'한 김 식은밥을 넣어서 잘 풀어준 뒤 케찹을 넣어 볶아주세요.','cook_step_케찹_오므라이스_05');
INSERT INTO recipe_process (recipe_process_id, recipe_id, recipe_process_sequence, recipe_process_description, recipe_process_image) VALUES (189,30,6,'인당 계란 3개를 풀어주세요. 팬에 기름을 두르고 계란물을 부어준 후 스크램블 애그를 만드는 것처럼 휘저어주세요.','cook_step_케찹_오므라이스_06');
INSERT INTO recipe_process (recipe_process_id, recipe_id, recipe_process_sequence, recipe_process_description, recipe_process_image) VALUES (190,30,7,'접시에 볶음밥을 담고 그 위에 계란이불을 덮어줍니다.','cook_step_케찹_오므라이스_07');
INSERT INTO recipe_process (recipe_process_id, recipe_id, recipe_process_sequence, recipe_process_description, recipe_process_image) VALUES (191,30,8,'마지막으로 케찹을 뿌려주면 완성','cook_step_케찹_오므라이스_08');
INSERT INTO recipe_process (recipe_process_id, recipe_id, recipe_process_sequence, recipe_process_description, recipe_process_image) VALUES (192,31,1,'양파를 동그랗게 자르고 분리하여 얇은 껍질을 최대한 제거해 주세요.','cook_step_어니언링_01.png');
INSERT INTO recipe_process (recipe_process_id, recipe_id, recipe_process_sequence, recipe_process_description, recipe_process_image) VALUES (193,31,2,'튀김가루 5스푼, 소금 1티스푼, 물 3스푼, 계란 1개를 넣고 잘 섞어주세요.','cook_step_어니언링_02.png');
INSERT INTO recipe_process (recipe_process_id, recipe_id, recipe_process_sequence, recipe_process_description, recipe_process_image) VALUES (194,31,3,'비닐봉지에 튀김가루와 양파를 넣고 잘 흔들어 준 뒤, 앞서 만든 반죽을 묻히고 빵가루를 충분히 입혀줍니다.','cook_step_어니언링_03.png');
INSERT INTO recipe_process (recipe_process_id, recipe_id, recipe_process_sequence, recipe_process_description, recipe_process_image) VALUES (195,31,4,'깊은 팬에 기름을 넉넉히 두르고 튀겨주면 완성.','cook_step_어니언링_04.png');
INSERT INTO recipe_process (recipe_process_id, recipe_id, recipe_process_sequence, recipe_process_description, recipe_process_image) VALUES (196,32,1,'식빵은 모두 테두리를 제거해 주세요','cook_step_에그샌드위치_01.png');
INSERT INTO recipe_process (recipe_process_id, recipe_id, recipe_process_sequence, recipe_process_description, recipe_process_image) VALUES (197,32,2,'계란을 모두 삶은 뒤, 으깨어 주세요. 그 후, 으깬 계란에 마요네즈, 머스타드, 후추를 잘 섞어 줍니다.','cook_step_에그샌드위치_02.png');
INSERT INTO recipe_process (recipe_process_id, recipe_id, recipe_process_sequence, recipe_process_description, recipe_process_image) VALUES (198,32,3,'식빵에 으깬 계란을 잘 발라 샌드위치로 만들면 완성','cook_step_에그샌드위치_03.png');
INSERT INTO recipe_process (recipe_process_id, recipe_id, recipe_process_sequence, recipe_process_description, recipe_process_image) VALUES (199,33,1,'대파를 줄기 방향으로 반으로 가른뒤 큼직하게 썰어주세요. 고추, 마늘, 삼겹살은 적당히 잘라주세요.','cook_step_제육볶음_01.png');
INSERT INTO recipe_process (recipe_process_id, recipe_id, recipe_process_sequence, recipe_process_description, recipe_process_image) VALUES (200,33,1,'손질한 삼겹살을 프라이 팬에 잘 깔아 준 뒤, 약불로 양면을 구워주세요. 기름이 충분히 나오지 않는다면 식용유를 살짝 넣어주세요.','cook_step_제육볶음_02.png');
INSERT INTO recipe_process (recipe_process_id, recipe_id, recipe_process_sequence, recipe_process_description, recipe_process_image) VALUES (201,33,2,'삼겹살을 구웠다면 마늘을 넣어주세요. 이때 기름이 너무 많다면 조금 빼주세요.','cook_step_제육볶음_03.png');
INSERT INTO recipe_process (recipe_process_id, recipe_id, recipe_process_sequence, recipe_process_description, recipe_process_image) VALUES (202,33,3,'마늘이 어느정도 익었다면 준비한 설탕을 넣어주세요. 설탕이 다 녹았다면 간장을 넣어주세요.','cook_step_제육볶음_04.png');
INSERT INTO recipe_process (recipe_process_id, recipe_id, recipe_process_sequence, recipe_process_description, recipe_process_image) VALUES (203,33,4,'간장이 끓는다면 손질한 대파와 고춧가루를 전부 넣어주세요. 이때 물의 양은 불의 세기에 따라 조절해서 넣어주세요.','cook_step_제육볶음_05.png');
INSERT INTO recipe_process (recipe_process_id, recipe_id, recipe_process_sequence, recipe_process_description, recipe_process_image) VALUES (204,33,5,'마지막으로 참기름을 살짝 둘러 마무리하면 완성','cook_step_제육볶음_06.png');
INSERT INTO recipe_process (recipe_process_id, recipe_id, recipe_process_sequence, recipe_process_description, recipe_process_image) VALUES (205,34,1,'채소는 먹기 좋은 크기로 썰어 주세요.','cook_step_소세지야채볶음_01.png');
INSERT INTO recipe_process (recipe_process_id, recipe_id, recipe_process_sequence, recipe_process_description, recipe_process_image) VALUES (206,34,2,'소세지는 끓는 물에 데쳐 주세요.','cook_step_소세지야채볶음_02.png');
INSERT INTO recipe_process (recipe_process_id, recipe_id, recipe_process_sequence, recipe_process_description, recipe_process_image) VALUES (207,34,3,'팬에 채소를 볶아주세요. 소금, 후추로 간을 합니다.','cook_step_소세지야채볶음_03.png');
INSERT INTO recipe_process (recipe_process_id, recipe_id, recipe_process_sequence, recipe_process_description, recipe_process_image) VALUES (208,34,4,'중간에 데친 소세지를 넣고 볶아주고 치즈를 살짝 얹으면 완성. 치즈는 없어도 됩니다.','cook_step_소세지야채볶음_04.png');
INSERT INTO recipe_process (recipe_process_id, recipe_id, recipe_process_sequence, recipe_process_description, recipe_process_image) VALUES (209,35,1,'연어는 키친타올로 물기를 제거한 뒤, 껍질을 벗기고 한입 크기로 썰어 주세요.','cook_step_연어장_01.png');
INSERT INTO recipe_process (recipe_process_id, recipe_id, recipe_process_sequence, recipe_process_description, recipe_process_image) VALUES (210,35,2,'간장 1컵, 설탕 0.5컵을 냄비에 넣고 설탕이 녹을 때 까지 가열하고 식혀줍니다.','cook_step_연어장_02.png');
INSERT INTO recipe_process (recipe_process_id, recipe_id, recipe_process_sequence, recipe_process_description, recipe_process_image) VALUES (211,35,3,'양파도 한입 크기로 썰어 준 뒤, 유리통에 연어와 양파를 깔아줍니다. 충분히 식힌 간장을 부어주면 완성','cook_step_연어장_03.png');
INSERT INTO recipe_process (recipe_process_id, recipe_id, recipe_process_sequence, recipe_process_description, recipe_process_image) VALUES (212,36,1,'오이 3개를 한입 크기로 썰어줍니다.','cook_step_오이무침_01.png');
INSERT INTO recipe_process (recipe_process_id, recipe_id, recipe_process_sequence, recipe_process_description, recipe_process_image) VALUES (213,36,2,'간장 2스푼, 설탕 1티스푼, 식초 1티스푼, 참기름 1티스푼을 오이에 넣고 잘 버무려 줍니다.','cook_step_오이무침_02.png');
INSERT INTO recipe_process (recipe_process_id, recipe_id, recipe_process_sequence, recipe_process_description, recipe_process_image) VALUES (214,36,3,'만약 다진 마늘이 있다면 0.5스푼을 넣고 버무리면 완성','cook_step_오이무침_03.png');
INSERT INTO recipe_process (recipe_process_id, recipe_id, recipe_process_sequence, recipe_process_description, recipe_process_image) VALUES (215,37,1,'고추장, 설탕, 간장, 간마늘, 고춧가루, 맛술을 1스푼씩 같은 비율로 모두 넣고 섞어 줍니다. 만든 양념장은 냉장고에서 3시간 이상 숙성시키면 더 맛있어요.','cook_step_닭갈비_01.png');
INSERT INTO recipe_process (recipe_process_id, recipe_id, recipe_process_sequence, recipe_process_description, recipe_process_image) VALUES (216,37,2,'닭 정육과 준비한 채소도 전부 먹기 좋은 크기로 잘라주세요.','cook_step_닭갈비_02.png');
INSERT INTO recipe_process (recipe_process_id, recipe_id, recipe_process_sequence, recipe_process_description, recipe_process_image) VALUES (217,37,3,'자른 닭고기와 채소, 양념을 버무려 주세요. 후추와 참기름이 있다면 같이 넣어주세요.','cook_step_닭갈비_03.png');
INSERT INTO recipe_process (recipe_process_id, recipe_id, recipe_process_sequence, recipe_process_description, recipe_process_image) VALUES (218,37,4,'중불에서 양념이 타지 않게 물을 살짝 넣어가며 익히면 완성.','cook_step_닭갈비_04.png');
INSERT INTO recipe_process (recipe_process_id, recipe_id, recipe_process_sequence, recipe_process_description, recipe_process_image) VALUES (219,38,1,'마늘을 다져 준 뒤, 고추장, 간장, 설탕을 잘 섞어주세요.','cook_step_고추장삼겹살_01.png');
INSERT INTO recipe_process (recipe_process_id, recipe_id, recipe_process_sequence, recipe_process_description, recipe_process_image) VALUES (220,38,2,'팬에서 삼겹살을 먼저 익히고 양념을 발라 더 익혀주면 완성','cook_step_고추장삼겹살_01.png');
INSERT INTO recipe_process (recipe_process_id, recipe_id, recipe_process_sequence, recipe_process_description, recipe_process_image) VALUES (221,39,1,'계란을 전부 삶아서 껍질을 깝니다.','cook_step_계란장조림_01.png');
INSERT INTO recipe_process (recipe_process_id, recipe_id, recipe_process_sequence, recipe_process_description, recipe_process_image) VALUES (222,39,2,'물 1리터, 간장 1.5컵, 설탕 0.7컵, 물엿 0.25컵을 넣고 가열하여 녹여주세요. 물엿이 없다면 설탕은 1컵을 사용합니다.','cook_step_계란장조림_02.png');
INSERT INTO recipe_process (recipe_process_id, recipe_id, recipe_process_sequence, recipe_process_description, recipe_process_image) VALUES (223,39,3,'녹인 간장 소스에 계란을 넣고 색이 마음에 들 때까지 약 30분 간 끓여줍니다.','cook_step_계란장조림_03.png');
INSERT INTO recipe_process (recipe_process_id, recipe_id, recipe_process_sequence, recipe_process_description, recipe_process_image) VALUES (224,39,4,'꽈리고추는 이쑤시개로 구멍을 송송 뚫어주세요. 마늘은 편으로 썰어주세요.','cook_step_계란장조림_04.png');
INSERT INTO recipe_process (recipe_process_id, recipe_id, recipe_process_sequence, recipe_process_description, recipe_process_image) VALUES (225,39,5,'준비한 고추와 마늘은 넣고 약 1분간 더 끓여주세요. 충분히 식힌 뒤, 통에 넣으면 완성','cook_step_계란장조림_05.png');
INSERT INTO recipe_process (recipe_process_id, recipe_id, recipe_process_sequence, recipe_process_description, recipe_process_image) VALUES (226,40,1,'중불에서 만두 바닥을 익히고 약불로 줄여줍니다. 물 0.5컵을 넣고 뚜껑을 닫아 줍니다.','cook_step_군만두_01.png');
INSERT INTO recipe_process (recipe_process_id, recipe_id, recipe_process_sequence, recipe_process_description, recipe_process_image) VALUES (227,40,2,'물이 졸 때까지 약불로 굽습니다.','cook_step_군만두_02.png');
INSERT INTO recipe_process (recipe_process_id, recipe_id, recipe_process_sequence, recipe_process_description, recipe_process_image) VALUES (228,40,3,'간장, 식초, 물을 같은 비율로 섞어 주면 완성. 고춧가루도 기호에 따라 넣어주세요.','cook_step_군만두_03.png');
INSERT INTO recipe_process (recipe_process_id, recipe_id, recipe_process_sequence, recipe_process_description, recipe_process_image) VALUES (229,41,1,'스팸을 적당한 크기로 썰어준다.','cook_step_부대찌개_1');
INSERT INTO recipe_process (recipe_process_id, recipe_id, recipe_process_sequence, recipe_process_description, recipe_process_image) VALUES (230,41,2,'두부를 적당한 크기로 썰어준다.','cook_step_부대찌개_2');
INSERT INTO recipe_process (recipe_process_id, recipe_id, recipe_process_sequence, recipe_process_description, recipe_process_image) VALUES (231,41,3,'양파, 대파를 적당한 크기로 썰어준다.','cook_step_부대찌개_3');
INSERT INTO recipe_process (recipe_process_id, recipe_id, recipe_process_sequence, recipe_process_description, recipe_process_image) VALUES (232,41,4,'준비한 재료들을 냄비에 종류별로 담아준다.','cook_step_부대찌개_4');
INSERT INTO recipe_process (recipe_process_id, recipe_id, recipe_process_sequence, recipe_process_description, recipe_process_image) VALUES (233,41,5,'물 800ml를 부어준다.','cook_step_부대찌개_5');
INSERT INTO recipe_process (recipe_process_id, recipe_id, recipe_process_sequence, recipe_process_description, recipe_process_image) VALUES (234,41,6,'간장 3큰술, 고추장 1큰술, 고춧가루 2큰술, 다진마늘 1큰술, 맛술 1큰술, 설탕 1큰술을 넣어준다.','cook_step_부대찌개_6');
INSERT INTO recipe_process (recipe_process_id, recipe_id, recipe_process_sequence, recipe_process_description, recipe_process_image) VALUES (235,41,7,'센불로 끓이다가 끓으면 중불로 끓여준다.','cook_step_부대찌개_7');
INSERT INTO recipe_process (recipe_process_id, recipe_id, recipe_process_sequence, recipe_process_description, recipe_process_image) VALUES (236,41,8,'재료들이 익으면 먹기 직전에 라면사리, 만두를 넣어 끓여준다.','cook_step_부대찌개_8');
INSERT INTO recipe_process (recipe_process_id, recipe_id, recipe_process_sequence, recipe_process_description, recipe_process_image) VALUES (237,42,1,'대파를 적당한 크기로 썰어준다.','cook_step_계란볶음밥_1');
INSERT INTO recipe_process (recipe_process_id, recipe_id, recipe_process_sequence, recipe_process_description, recipe_process_image) VALUES (238,42,2,'양파를 적당한 크기로 썰어준다.','cook_step_계란볶음밥_2');
INSERT INTO recipe_process (recipe_process_id, recipe_id, recipe_process_sequence, recipe_process_description, recipe_process_image) VALUES (239,42,3,'그릇에 밥 1공기를 담아준다.','cook_step_계란볶음밥_3');
INSERT INTO recipe_process (recipe_process_id, recipe_id, recipe_process_sequence, recipe_process_description, recipe_process_image) VALUES (240,42,4,'계란 2개를 넣어준다.','cook_step_계란볶음밥_4');
INSERT INTO recipe_process (recipe_process_id, recipe_id, recipe_process_sequence, recipe_process_description, recipe_process_image) VALUES (241,42,5,'밥과 계란을 잘 섞어준다.','cook_step_계란볶음밥_5');
INSERT INTO recipe_process (recipe_process_id, recipe_id, recipe_process_sequence, recipe_process_description, recipe_process_image) VALUES (242,42,6,'프라이팬에 식용유를 적당히 부어준다.','cook_step_계란볶음밥_6');
INSERT INTO recipe_process (recipe_process_id, recipe_id, recipe_process_sequence, recipe_process_description, recipe_process_image) VALUES (243,42,7,'대파를 넣고 파기름이 날 수 있도록 볶아준다.','cook_step_계란볶음밥_7');
INSERT INTO recipe_process (recipe_process_id, recipe_id, recipe_process_sequence, recipe_process_description, recipe_process_image) VALUES (244,42,8,'양파를 넣고 같이 볶아준다.','cook_step_계란볶음밥_8');
INSERT INTO recipe_process (recipe_process_id, recipe_id, recipe_process_sequence, recipe_process_description, recipe_process_image) VALUES (245,42,9,'간장 1큰술을 넣어준다.','cook_step_계란볶음밥_9');
INSERT INTO recipe_process (recipe_process_id, recipe_id, recipe_process_sequence, recipe_process_description, recipe_process_image) VALUES (246,42,10,'밥을 넣고 밥알이 서로 분리될 때까지 잘 볶아준다.','cook_step_계란볶음밥_10');
INSERT INTO recipe_process (recipe_process_id, recipe_id, recipe_process_sequence, recipe_process_description, recipe_process_image) VALUES (247,43,1,'뚝배기에 계란 3개를 넣어준다.','cook_step_계란찜_1');
INSERT INTO recipe_process (recipe_process_id, recipe_id, recipe_process_sequence, recipe_process_description, recipe_process_image) VALUES (248,43,2,'물 1컵을 부어준다.','cook_step_계란찜_2');
INSERT INTO recipe_process (recipe_process_id, recipe_id, recipe_process_sequence, recipe_process_description, recipe_process_image) VALUES (249,43,3,'소금 1/3큰술을 넣어준다.','cook_step_계란찜_3');
INSERT INTO recipe_process (recipe_process_id, recipe_id, recipe_process_sequence, recipe_process_description, recipe_process_image) VALUES (250,43,4,'물과 계란을 잘 섞어준다.','cook_step_계란찜_4');
INSERT INTO recipe_process (recipe_process_id, recipe_id, recipe_process_sequence, recipe_process_description, recipe_process_image) VALUES (251,43,5,'센불에 올려준다.','cook_step_계란찜_5');
INSERT INTO recipe_process (recipe_process_id, recipe_id, recipe_process_sequence, recipe_process_description, recipe_process_image) VALUES (252,43,6,'끓이면서 계속 저어준다.','cook_step_계란찜_6');
INSERT INTO recipe_process (recipe_process_id, recipe_id, recipe_process_sequence, recipe_process_description, recipe_process_image) VALUES (253,43,7,'뚜껑을 덮고 2~3분간 기다린다.','cook_step_계란찜_7');
INSERT INTO recipe_process (recipe_process_id, recipe_id, recipe_process_sequence, recipe_process_description, recipe_process_image) VALUES (254,43,8,'대파를 위에 올려준다.','cook_step_계란찜_8');
INSERT INTO recipe_process (recipe_process_id, recipe_id, recipe_process_sequence, recipe_process_description, recipe_process_image) VALUES (255,44,1,'마늘을 얇게 편으로 썰어준다.','cook_step_감바스_1');
INSERT INTO recipe_process (recipe_process_id, recipe_id, recipe_process_sequence, recipe_process_description, recipe_process_image) VALUES (256,44,2,'프라이팬에 올리브유 1컵을 넣어준다.','cook_step_감바스_2');
INSERT INTO recipe_process (recipe_process_id, recipe_id, recipe_process_sequence, recipe_process_description, recipe_process_image) VALUES (257,44,3,'다진마늘 1큰술을 넣어준다.','cook_step_감바스_3');
INSERT INTO recipe_process (recipe_process_id, recipe_id, recipe_process_sequence, recipe_process_description, recipe_process_image) VALUES (258,44,4,'마늘을 넣고 투명해질 때까지 볶아준다.','cook_step_감바스_4');
INSERT INTO recipe_process (recipe_process_id, recipe_id, recipe_process_sequence, recipe_process_description, recipe_process_image) VALUES (259,44,5,'마늘이 투명해지면 새우를 넣어준다.','cook_step_감바스_5');
INSERT INTO recipe_process (recipe_process_id, recipe_id, recipe_process_sequence, recipe_process_description, recipe_process_image) VALUES (260,44,6,'바지락을 넣어준다.','cook_step_감바스_6');
INSERT INTO recipe_process (recipe_process_id, recipe_id, recipe_process_sequence, recipe_process_description, recipe_process_image) VALUES (261,44,7,'소금 1작은술, 후추 1/3작은술을 넣어준다.','cook_step_감바스_7');
INSERT INTO recipe_process (recipe_process_id, recipe_id, recipe_process_sequence, recipe_process_description, recipe_process_image) VALUES (262,44,8,'파슬리 1/3작은술을 뿌려준다.','cook_step_감바스_8');
INSERT INTO recipe_process (recipe_process_id, recipe_id, recipe_process_sequence, recipe_process_description, recipe_process_image) VALUES (263,45,1,'계란을 삶아준다.','cook_step_계란샐러드_1');
INSERT INTO recipe_process (recipe_process_id, recipe_id, recipe_process_sequence, recipe_process_description, recipe_process_image) VALUES (264,45,2,'감자, 양파, 당근를 적당한 크기로 썰어준다.','cook_step_계란샐러드_2');
INSERT INTO recipe_process (recipe_process_id, recipe_id, recipe_process_sequence, recipe_process_description, recipe_process_image) VALUES (265,45,3,'감자를 찜기에 넣어 쪄준다.','cook_step_계란샐러드_3');
INSERT INTO recipe_process (recipe_process_id, recipe_id, recipe_process_sequence, recipe_process_description, recipe_process_image) VALUES (266,45,4,'삶은 계란 껍질을 까준다.','cook_step_계란샐러드_4');
INSERT INTO recipe_process (recipe_process_id, recipe_id, recipe_process_sequence, recipe_process_description, recipe_process_image) VALUES (267,45,5,'삶은 계란 노른자를 분리해준다.','cook_step_계란샐러드_5');
INSERT INTO recipe_process (recipe_process_id, recipe_id, recipe_process_sequence, recipe_process_description, recipe_process_image) VALUES (268,45,6,'흰자를 잘게 썰어준다.','cook_step_계란샐러드_6');
INSERT INTO recipe_process (recipe_process_id, recipe_id, recipe_process_sequence, recipe_process_description, recipe_process_image) VALUES (269,45,7,'흰자, 노른자, 찐 감자를 같이 섞어준다.','cook_step_계란샐러드_7');
INSERT INTO recipe_process (recipe_process_id, recipe_id, recipe_process_sequence, recipe_process_description, recipe_process_image) VALUES (270,45,8,'소금 1/3작은술, 후추 1/3작은술을 넣어 간을 한다.','cook_step_계란샐러드_8');
INSERT INTO recipe_process (recipe_process_id, recipe_id, recipe_process_sequence, recipe_process_description, recipe_process_image) VALUES (271,45,9,'양파와 당근을 볶아준다.','cook_step_계란샐러드_9');
INSERT INTO recipe_process (recipe_process_id, recipe_id, recipe_process_sequence, recipe_process_description, recipe_process_image) VALUES (272,45,10,'양파와 당근, 마요네즈를 넣어 섞어준다.','cook_step_계란샐러드_10');
INSERT INTO recipe_process (recipe_process_id, recipe_id, recipe_process_sequence, recipe_process_description, recipe_process_image) VALUES (273,45,11,'파슬리 1/3작은술을 넣어 마무리한다.','cook_step_계란샐러드_11');
INSERT INTO recipe_process (recipe_process_id, recipe_id, recipe_process_sequence, recipe_process_description, recipe_process_image) VALUES (274,46,1,'토마토를 적당한 크기로 썰어준다.','cook_step_토마토계란탕_1');
INSERT INTO recipe_process (recipe_process_id, recipe_id, recipe_process_sequence, recipe_process_description, recipe_process_image) VALUES (275,46,2,'대파와 쪽파를 적당한 크기로 썰어준다.','cook_step_토마토계란탕_2');
INSERT INTO recipe_process (recipe_process_id, recipe_id, recipe_process_sequence, recipe_process_description, recipe_process_image) VALUES (276,46,3,'계란 3개를 넣고 잘 풀어준다.','cook_step_토마토계란탕_3');
INSERT INTO recipe_process (recipe_process_id, recipe_id, recipe_process_sequence, recipe_process_description, recipe_process_image) VALUES (277,46,4,'프라이팬에 식용유 2큰술, 참기름 1큰술, 대파를 넣고 잘 볶아준다.','cook_step_토마토계란탕_4');
INSERT INTO recipe_process (recipe_process_id, recipe_id, recipe_process_sequence, recipe_process_description, recipe_process_image) VALUES (278,46,5,'토마토를 넣어 같이 볶아준다.','cook_step_토마토계란탕_5');
INSERT INTO recipe_process (recipe_process_id, recipe_id, recipe_process_sequence, recipe_process_description, recipe_process_image) VALUES (279,46,6,'물 1L를 부어준다.','cook_step_토마토계란탕_6');
INSERT INTO recipe_process (recipe_process_id, recipe_id, recipe_process_sequence, recipe_process_description, recipe_process_image) VALUES (280,46,7,'끓이면서 계란물을 조금씩 풀어준다.','cook_step_토마토계란탕_7');
INSERT INTO recipe_process (recipe_process_id, recipe_id, recipe_process_sequence, recipe_process_description, recipe_process_image) VALUES (281,46,8,'소금 1/2큰술을 넣어준다.','cook_step_토마토계란탕_8');
INSERT INTO recipe_process (recipe_process_id, recipe_id, recipe_process_sequence, recipe_process_description, recipe_process_image) VALUES (282,46,9,'전분물(전분 1 : 물 4)을 넣어 농도를 조절해준다.','cook_step_토마토계란탕_9');
INSERT INTO recipe_process (recipe_process_id, recipe_id, recipe_process_sequence, recipe_process_description, recipe_process_image) VALUES (283,46,10,'쪽파와 후추 1/3작은술을 넣고 마무리해준다.','cook_step_토마토계란탕_10');
INSERT INTO recipe_process (recipe_process_id, recipe_id, recipe_process_sequence, recipe_process_description, recipe_process_image) VALUES (284,47,1,'양파를 적당한 크기로 썰어준다.','cook_step_크래미유부초밥_1');
INSERT INTO recipe_process (recipe_process_id, recipe_id, recipe_process_sequence, recipe_process_description, recipe_process_image) VALUES (285,47,2,'오이를 적당한 크기로 썰어준다.','cook_step_크래미유부초밥_2');
INSERT INTO recipe_process (recipe_process_id, recipe_id, recipe_process_sequence, recipe_process_description, recipe_process_image) VALUES (286,47,3,'크래미는 손으로 잘게 찢어준다.','cook_step_크래미유부초밥_3');
INSERT INTO recipe_process (recipe_process_id, recipe_id, recipe_process_sequence, recipe_process_description, recipe_process_image) VALUES (287,47,4,'밥 한공기에 유부초밥 내용물을 넣고 잘 섞어준다.','cook_step_크래미유부초밥_4');
INSERT INTO recipe_process (recipe_process_id, recipe_id, recipe_process_sequence, recipe_process_description, recipe_process_image) VALUES (288,47,5,'썰어 둔 크래미, 양파, 오이에 마요네즈 3큰술을 넣고 섞어준다.','cook_step_크래미유부초밥_5');
INSERT INTO recipe_process (recipe_process_id, recipe_id, recipe_process_sequence, recipe_process_description, recipe_process_image) VALUES (289,47,6,'머스터드 1작은술, 후추 1/3작은술을 넣고 잘 섞어준다.','cook_step_크래미유부초밥_6');
INSERT INTO recipe_process (recipe_process_id, recipe_id, recipe_process_sequence, recipe_process_description, recipe_process_image) VALUES (290,47,7,'유부에 밥을 잘 넣어주고 잘 섞은 크래미를 얹어 마무리해준다.','cook_step_크래미유부초밥_7');
INSERT INTO recipe_process (recipe_process_id, recipe_id, recipe_process_sequence, recipe_process_description, recipe_process_image) VALUES (291,48,1,'양파를 적당한 크기로 썰어준다.','cook_step_삼겹살두부김치_1');
INSERT INTO recipe_process (recipe_process_id, recipe_id, recipe_process_sequence, recipe_process_description, recipe_process_image) VALUES (292,48,2,'대파 흰 부분과 파란 부분을 적당한 크기로 썰어준다.','cook_step_삼겹살두부김치_2');
INSERT INTO recipe_process (recipe_process_id, recipe_id, recipe_process_sequence, recipe_process_description, recipe_process_image) VALUES (293,48,3,'김치를 적당한 크기로 썰어준다.','cook_step_삼겹살두부김치_3');
INSERT INTO recipe_process (recipe_process_id, recipe_id, recipe_process_sequence, recipe_process_description, recipe_process_image) VALUES (294,48,4,'삼겹살을 구워준다.','cook_step_삼겹살두부김치_4');
INSERT INTO recipe_process (recipe_process_id, recipe_id, recipe_process_sequence, recipe_process_description, recipe_process_image) VALUES (295,48,5,'구운 삼겹살에 양파와 대파 흰 부분, 마늘, 후추 1/3작은술을 넣고 볶아준다.','cook_step_삼겹살두부김치_5');
INSERT INTO recipe_process (recipe_process_id, recipe_id, recipe_process_sequence, recipe_process_description, recipe_process_image) VALUES (296,48,6,'김치를 넣고 볶아준다.','cook_step_삼겹살두부김치_6');
INSERT INTO recipe_process (recipe_process_id, recipe_id, recipe_process_sequence, recipe_process_description, recipe_process_image) VALUES (297,48,7,'참기름 2큰술, 올리고당 1큰술, 설탕 1큰술을 넣고 김치가 나른해질때까지 볶는다.','cook_step_삼겹살두부김치_7');
INSERT INTO recipe_process (recipe_process_id, recipe_id, recipe_process_sequence, recipe_process_description, recipe_process_image) VALUES (298,48,8,'대파 파란 부분을 넣고 같이 볶아준다.','cook_step_삼겹살두부김치_8');
INSERT INTO recipe_process (recipe_process_id, recipe_id, recipe_process_sequence, recipe_process_description, recipe_process_image) VALUES (299,48,9,'통깨를 뿌려준다.','cook_step_삼겹살두부김치_9');
INSERT INTO recipe_process (recipe_process_id, recipe_id, recipe_process_sequence, recipe_process_description, recipe_process_image) VALUES (300,48,10,'끓는 물에 두부를 2분간 넣어준다.','cook_step_삼겹살두부김치_10');
INSERT INTO recipe_process (recipe_process_id, recipe_id, recipe_process_sequence, recipe_process_description, recipe_process_image) VALUES (301,48,11,'두부를 적당한 크기로 썰어준다.','cook_step_삼겹살두부김치_11');
INSERT INTO recipe_process (recipe_process_id, recipe_id, recipe_process_sequence, recipe_process_description, recipe_process_image) VALUES (302,48,12,'볶은 삼겹살, 김치와 두부를 같이 올려 마무리한다.','cook_step_삼겹살두부김치_12');
INSERT INTO recipe_process (recipe_process_id, recipe_id, recipe_process_sequence, recipe_process_description, recipe_process_image) VALUES (303,49,1,'마늘쫑을 적당한 크기로 썰어준다.','cook_step_마늘쫑새우볶음_1');
INSERT INTO recipe_process (recipe_process_id, recipe_id, recipe_process_sequence, recipe_process_description, recipe_process_image) VALUES (304,49,2,'칵테일 새우를 손질한다.','cook_step_마늘쫑새우볶음_2');
INSERT INTO recipe_process (recipe_process_id, recipe_id, recipe_process_sequence, recipe_process_description, recipe_process_image) VALUES (305,49,3,'프라이팬에 식용유 1/2큰술을 넣고 마늘쫑을 넣는다.','cook_step_마늘쫑새우볶음_3');
INSERT INTO recipe_process (recipe_process_id, recipe_id, recipe_process_sequence, recipe_process_description, recipe_process_image) VALUES (306,49,4,'마늘쫑을 볶아준다.','cook_step_마늘쫑새우볶음_4');
INSERT INTO recipe_process (recipe_process_id, recipe_id, recipe_process_sequence, recipe_process_description, recipe_process_image) VALUES (307,49,5,'물 1/2큰술, 간장 1큰술, 굴소스 1/2큰술을 넣고 볶아준다.','cook_step_마늘쫑새우볶음_5');
INSERT INTO recipe_process (recipe_process_id, recipe_id, recipe_process_sequence, recipe_process_description, recipe_process_image) VALUES (308,49,6,'올리고당 1큰술, 맛술 1큰술을 넣고 볶아준다.','cook_step_마늘쫑새우볶음_6');
INSERT INTO recipe_process (recipe_process_id, recipe_id, recipe_process_sequence, recipe_process_description, recipe_process_image) VALUES (309,49,7,'볶은 마늘쫑에 칵테일 새우를 넣어준다.','cook_step_마늘쫑새우볶음_7');
INSERT INTO recipe_process (recipe_process_id, recipe_id, recipe_process_sequence, recipe_process_description, recipe_process_image) VALUES (310,49,8,'통깨를 1/2큰술 뿌려서 마무리한다.','cook_step_마늘쫑새우볶음_8');
INSERT INTO recipe_process (recipe_process_id, recipe_id, recipe_process_sequence, recipe_process_description, recipe_process_image) VALUES (311,50,1,'그릇에 계란 4개를 깨서 넣어준다.','cook_step_계란말이_1');
INSERT INTO recipe_process (recipe_process_id, recipe_id, recipe_process_sequence, recipe_process_description, recipe_process_image) VALUES (312,50,2,'소금 1/3작은술을 넣고 잘 섞어준다.','cook_step_계란말이_2');
INSERT INTO recipe_process (recipe_process_id, recipe_id, recipe_process_sequence, recipe_process_description, recipe_process_image) VALUES (313,50,3,'당근, 양파를 적당한 크기르 썰어준다.','cook_step_계란말이_3');
INSERT INTO recipe_process (recipe_process_id, recipe_id, recipe_process_sequence, recipe_process_description, recipe_process_image) VALUES (314,50,4,'계란물에 당근과 양파를 넣고 잘 섞어준다.','cook_step_계란말이_4');
INSERT INTO recipe_process (recipe_process_id, recipe_id, recipe_process_sequence, recipe_process_description, recipe_process_image) VALUES (315,50,5,'약한 불에 프라이팬을 예열해준다.','cook_step_계란말이_5');
INSERT INTO recipe_process (recipe_process_id, recipe_id, recipe_process_sequence, recipe_process_description, recipe_process_image) VALUES (316,50,6,'계란물을 예열한 프라이팬에 부어준다.','cook_step_계란말이_6');
INSERT INTO recipe_process (recipe_process_id, recipe_id, recipe_process_sequence, recipe_process_description, recipe_process_image) VALUES (317,50,7,'끝을 조금씩 말아가면서 계란말이를 만든다.','cook_step_계란말이_7');
INSERT INTO recipe_process (recipe_process_id, recipe_id, recipe_process_sequence, recipe_process_description, recipe_process_image) VALUES (318,50,8,'남은 계란물을 조금씩 부어가면서 계란말이를 크게 만든다.','cook_step_계란말이_8');
INSERT INTO recipe_process (recipe_process_id, recipe_id, recipe_process_sequence, recipe_process_description, recipe_process_image) VALUES (319,50,9,'계란말이를 적당한 크기로 썰어서 마무리한다.','cook_step_계란말이_9');

INSERT INTO recipe_ingredient (recipe_ingredient_id, recipe_id, sub_category_id, recipe_ingredient_name, recipe_ingredient_count) VALUES (1,1,111,'라면','1개');
INSERT INTO recipe_ingredient (recipe_ingredient_id, recipe_id, sub_category_id, recipe_ingredient_name, recipe_ingredient_count) VALUES (2,1,27,'양배추','1장');
INSERT INTO recipe_ingredient (recipe_ingredient_id, recipe_id, sub_category_id, recipe_ingredient_name, recipe_ingredient_count) VALUES (3,1,15,'배추','1장');
INSERT INTO recipe_ingredient (recipe_ingredient_id, recipe_id, sub_category_id, recipe_ingredient_name, recipe_ingredient_count) VALUES (4,1,67,'대패삼겹살','작은 접시 1그릇');
INSERT INTO recipe_ingredient (recipe_ingredient_id, recipe_id, sub_category_id, recipe_ingredient_name, recipe_ingredient_count) VALUES (5,1,30,'양파','반개');
INSERT INTO recipe_ingredient (recipe_ingredient_id, recipe_id, sub_category_id, recipe_ingredient_name, recipe_ingredient_count) VALUES (6,1,213,'간장','1스푼');
INSERT INTO recipe_ingredient (recipe_ingredient_id, recipe_id, sub_category_id, recipe_ingredient_name, recipe_ingredient_count) VALUES (7,1,212,'고춧가루','1스푼');
INSERT INTO recipe_ingredient (recipe_ingredient_id, recipe_id, sub_category_id, recipe_ingredient_name, recipe_ingredient_count) VALUES (8,1,44,'대파','1개');
INSERT INTO recipe_ingredient (recipe_ingredient_id, recipe_id, sub_category_id, recipe_ingredient_name, recipe_ingredient_count) VALUES (9,2,123,'김치','작은 1접시');
INSERT INTO recipe_ingredient (recipe_ingredient_id, recipe_id, sub_category_id, recipe_ingredient_name, recipe_ingredient_count) VALUES (10,2,102,'참치캔','1캔');
INSERT INTO recipe_ingredient (recipe_ingredient_id, recipe_id, sub_category_id, recipe_ingredient_name, recipe_ingredient_count) VALUES (11,2,88,'소세지','1개');
INSERT INTO recipe_ingredient (recipe_ingredient_id, recipe_id, sub_category_id, recipe_ingredient_name, recipe_ingredient_count) VALUES (12,2,217,'물엿','1스푼');
INSERT INTO recipe_ingredient (recipe_ingredient_id, recipe_id, sub_category_id, recipe_ingredient_name, recipe_ingredient_count) VALUES (13,2,210,'소금','1ts');
INSERT INTO recipe_ingredient (recipe_ingredient_id, recipe_id, sub_category_id, recipe_ingredient_name, recipe_ingredient_count) VALUES (14,2,228,'참기름','1스푼');
INSERT INTO recipe_ingredient (recipe_ingredient_id, recipe_id, sub_category_id, recipe_ingredient_name, recipe_ingredient_count) VALUES (15,3,145,'옥수수통조림','1캔');
INSERT INTO recipe_ingredient (recipe_ingredient_id, recipe_id, sub_category_id, recipe_ingredient_name, recipe_ingredient_count) VALUES (16,3,39,'파프리카','조금');
INSERT INTO recipe_ingredient (recipe_ingredient_id, recipe_id, sub_category_id, recipe_ingredient_name, recipe_ingredient_count) VALUES (17,3,122,'튀김가루','반컵');
INSERT INTO recipe_ingredient (recipe_ingredient_id, recipe_id, sub_category_id, recipe_ingredient_name, recipe_ingredient_count) VALUES (18,3,197,'모짜렐라치즈','반컵');
INSERT INTO recipe_ingredient (recipe_ingredient_id, recipe_id, sub_category_id, recipe_ingredient_name, recipe_ingredient_count) VALUES (19,4,123,'김치','1인분');
INSERT INTO recipe_ingredient (recipe_ingredient_id, recipe_id, sub_category_id, recipe_ingredient_name, recipe_ingredient_count) VALUES (20,4,52,'돼지고기-삼겹살','1인분');
INSERT INTO recipe_ingredient (recipe_ingredient_id, recipe_id, sub_category_id, recipe_ingredient_name, recipe_ingredient_count) VALUES (21,4,211,'설탕','1스푼');
INSERT INTO recipe_ingredient (recipe_ingredient_id, recipe_id, sub_category_id, recipe_ingredient_name, recipe_ingredient_count) VALUES (22,4,213,'간장','2스푼');
INSERT INTO recipe_ingredient (recipe_ingredient_id, recipe_id, sub_category_id, recipe_ingredient_name, recipe_ingredient_count) VALUES (23,4,212,'고춧가루','2ts');
INSERT INTO recipe_ingredient (recipe_ingredient_id, recipe_id, sub_category_id, recipe_ingredient_name, recipe_ingredient_count) VALUES (24,5,67,'대패삼겹살','400g');
INSERT INTO recipe_ingredient (recipe_ingredient_id, recipe_id, sub_category_id, recipe_ingredient_name, recipe_ingredient_count) VALUES (25,5,213,'간장','1/3컵');
INSERT INTO recipe_ingredient (recipe_ingredient_id, recipe_id, sub_category_id, recipe_ingredient_name, recipe_ingredient_count) VALUES (26,5,243,'다진마늘','1스푼');
INSERT INTO recipe_ingredient (recipe_ingredient_id, recipe_id, sub_category_id, recipe_ingredient_name, recipe_ingredient_count) VALUES (27,5,217,'물엿','2스푼');
INSERT INTO recipe_ingredient (recipe_ingredient_id, recipe_id, sub_category_id, recipe_ingredient_name, recipe_ingredient_count) VALUES (28,6,86,'연어','150g');
INSERT INTO recipe_ingredient (recipe_ingredient_id, recipe_id, sub_category_id, recipe_ingredient_name, recipe_ingredient_count) VALUES (29,6,30,'양파','1/2개');
INSERT INTO recipe_ingredient (recipe_ingredient_id, recipe_id, sub_category_id, recipe_ingredient_name, recipe_ingredient_count) VALUES (30,6,213,'간장','1컵');
INSERT INTO recipe_ingredient (recipe_ingredient_id, recipe_id, sub_category_id, recipe_ingredient_name, recipe_ingredient_count) VALUES (31,6,211,'설탕','1/2컵');
INSERT INTO recipe_ingredient (recipe_ingredient_id, recipe_id, sub_category_id, recipe_ingredient_name, recipe_ingredient_count) VALUES (32,7,146,'모닝빵','3개');
INSERT INTO recipe_ingredient (recipe_ingredient_id, recipe_id, sub_category_id, recipe_ingredient_name, recipe_ingredient_count) VALUES (33,7,207,'계란','3개');
INSERT INTO recipe_ingredient (recipe_ingredient_id, recipe_id, sub_category_id, recipe_ingredient_name, recipe_ingredient_count) VALUES (34,7,93,'베이컨','한 접시');
INSERT INTO recipe_ingredient (recipe_ingredient_id, recipe_id, sub_category_id, recipe_ingredient_name, recipe_ingredient_count) VALUES (35,7,254,'파슬리','조금');
INSERT INTO recipe_ingredient (recipe_ingredient_id, recipe_id, sub_category_id, recipe_ingredient_name, recipe_ingredient_count) VALUES (36,8,207,'계란','4개');
INSERT INTO recipe_ingredient (recipe_ingredient_id, recipe_id, sub_category_id, recipe_ingredient_name, recipe_ingredient_count) VALUES (37,8,80,'다시마','한조각');
INSERT INTO recipe_ingredient (recipe_ingredient_id, recipe_id, sub_category_id, recipe_ingredient_name, recipe_ingredient_count) VALUES (38,8,213,'간장','6스푼');
INSERT INTO recipe_ingredient (recipe_ingredient_id, recipe_id, sub_category_id, recipe_ingredient_name, recipe_ingredient_count) VALUES (39,8,211,'설탕','1스푼');
INSERT INTO recipe_ingredient (recipe_ingredient_id, recipe_id, sub_category_id, recipe_ingredient_name, recipe_ingredient_count) VALUES (40,8,246,'미림','2스푼');
INSERT INTO recipe_ingredient (recipe_ingredient_id, recipe_id, sub_category_id, recipe_ingredient_name, recipe_ingredient_count) VALUES (41,8,30,'양파','1/2개');
INSERT INTO recipe_ingredient (recipe_ingredient_id, recipe_id, sub_category_id, recipe_ingredient_name, recipe_ingredient_count) VALUES (42,8,44,'대파','반쪽');
INSERT INTO recipe_ingredient (recipe_ingredient_id, recipe_id, sub_category_id, recipe_ingredient_name, recipe_ingredient_count) VALUES (43,9,53,'돼지고기-목살','300g');
INSERT INTO recipe_ingredient (recipe_ingredient_id, recipe_id, sub_category_id, recipe_ingredient_name, recipe_ingredient_count) VALUES (44,9,44,'대파','1개');
INSERT INTO recipe_ingredient (recipe_ingredient_id, recipe_id, sub_category_id, recipe_ingredient_name, recipe_ingredient_count) VALUES (45,9,243,'다진마늘','1스푼');
INSERT INTO recipe_ingredient (recipe_ingredient_id, recipe_id, sub_category_id, recipe_ingredient_name, recipe_ingredient_count) VALUES (46,9,236,'후추','조금');
INSERT INTO recipe_ingredient (recipe_ingredient_id, recipe_id, sub_category_id, recipe_ingredient_name, recipe_ingredient_count) VALUES (47,9,213,'간장','3스푼');
INSERT INTO recipe_ingredient (recipe_ingredient_id, recipe_id, sub_category_id, recipe_ingredient_name, recipe_ingredient_count) VALUES (48,9,245,'소주','2스푼');
INSERT INTO recipe_ingredient (recipe_ingredient_id, recipe_id, sub_category_id, recipe_ingredient_name, recipe_ingredient_count) VALUES (49,9,243,'다진마늘','1스푼');
INSERT INTO recipe_ingredient (recipe_ingredient_id, recipe_id, sub_category_id, recipe_ingredient_name, recipe_ingredient_count) VALUES (50,9,225,'케찹','1스푼');
INSERT INTO recipe_ingredient (recipe_ingredient_id, recipe_id, sub_category_id, recipe_ingredient_name, recipe_ingredient_count) VALUES (51,10,145,'옥수수통조림','한캔');
INSERT INTO recipe_ingredient (recipe_ingredient_id, recipe_id, sub_category_id, recipe_ingredient_name, recipe_ingredient_count) VALUES (52,10,211,'설탕','1스푼');
INSERT INTO recipe_ingredient (recipe_ingredient_id, recipe_id, sub_category_id, recipe_ingredient_name, recipe_ingredient_count) VALUES (53,10,219,'마요네즈','2스푼');
INSERT INTO recipe_ingredient (recipe_ingredient_id, recipe_id, sub_category_id, recipe_ingredient_name, recipe_ingredient_count) VALUES (54,10,197,'모짜렐라치즈','종이컵 반컵');
INSERT INTO recipe_ingredient (recipe_ingredient_id, recipe_id, sub_category_id, recipe_ingredient_name, recipe_ingredient_count) VALUES (55,11,12,'마늘','5쪽');
INSERT INTO recipe_ingredient (recipe_ingredient_id, recipe_id, sub_category_id, recipe_ingredient_name, recipe_ingredient_count) VALUES (56,11,243,'다진마늘','1스푼');
INSERT INTO recipe_ingredient (recipe_ingredient_id, recipe_id, sub_category_id, recipe_ingredient_name, recipe_ingredient_count) VALUES (57,11,38,'파','1쪽');
INSERT INTO recipe_ingredient (recipe_ingredient_id, recipe_id, sub_category_id, recipe_ingredient_name, recipe_ingredient_count) VALUES (58,11,93,'베이컨','1줄');
INSERT INTO recipe_ingredient (recipe_ingredient_id, recipe_id, sub_category_id, recipe_ingredient_name, recipe_ingredient_count) VALUES (59,11,150,'쌀','1공기');
INSERT INTO recipe_ingredient (recipe_ingredient_id, recipe_id, sub_category_id, recipe_ingredient_name, recipe_ingredient_count) VALUES (60,11,213,'간장','1스푼');
INSERT INTO recipe_ingredient (recipe_ingredient_id, recipe_id, sub_category_id, recipe_ingredient_name, recipe_ingredient_count) VALUES (61,12,112,'소면','2인분');
INSERT INTO recipe_ingredient (recipe_ingredient_id, recipe_id, sub_category_id, recipe_ingredient_name, recipe_ingredient_count) VALUES (62,12,30,'양파','1/2개');
INSERT INTO recipe_ingredient (recipe_ingredient_id, recipe_id, sub_category_id, recipe_ingredient_name, recipe_ingredient_count) VALUES (63,12,10,'당근','조금');
INSERT INTO recipe_ingredient (recipe_ingredient_id, recipe_id, sub_category_id, recipe_ingredient_name, recipe_ingredient_count) VALUES (64,12,213,'간장','3스푼');
INSERT INTO recipe_ingredient (recipe_ingredient_id, recipe_id, sub_category_id, recipe_ingredient_name, recipe_ingredient_count) VALUES (65,12,212,'고춧가루','2스푼');
INSERT INTO recipe_ingredient (recipe_ingredient_id, recipe_id, sub_category_id, recipe_ingredient_name, recipe_ingredient_count) VALUES (66,12,243,'다진마늘','1티스푼');
INSERT INTO recipe_ingredient (recipe_ingredient_id, recipe_id, sub_category_id, recipe_ingredient_name, recipe_ingredient_count) VALUES (67,12,228,'참기름','1스푼');
INSERT INTO recipe_ingredient (recipe_ingredient_id, recipe_id, sub_category_id, recipe_ingredient_name, recipe_ingredient_count) VALUES (68,12,44,'대파','1개');
INSERT INTO recipe_ingredient (recipe_ingredient_id, recipe_id, sub_category_id, recipe_ingredient_name, recipe_ingredient_count) VALUES (69,12,46,'청양고추','1개');
INSERT INTO recipe_ingredient (recipe_ingredient_id, recipe_id, sub_category_id, recipe_ingredient_name, recipe_ingredient_count) VALUES (70,13,48,'닭','1kg');
INSERT INTO recipe_ingredient (recipe_ingredient_id, recipe_id, sub_category_id, recipe_ingredient_name, recipe_ingredient_count) VALUES (71,13,45,'건고추','2개');
INSERT INTO recipe_ingredient (recipe_ingredient_id, recipe_id, sub_category_id, recipe_ingredient_name, recipe_ingredient_count) VALUES (72,13,12,'마늘','4알');
INSERT INTO recipe_ingredient (recipe_ingredient_id, recipe_id, sub_category_id, recipe_ingredient_name, recipe_ingredient_count) VALUES (73,13,226,'식용유','2티스푼');
INSERT INTO recipe_ingredient (recipe_ingredient_id, recipe_id, sub_category_id, recipe_ingredient_name, recipe_ingredient_count) VALUES (74,13,2,'감자','1개');
INSERT INTO recipe_ingredient (recipe_ingredient_id, recipe_id, sub_category_id, recipe_ingredient_name, recipe_ingredient_count) VALUES (75,13,10,'당근','1/2개');
INSERT INTO recipe_ingredient (recipe_ingredient_id, recipe_id, sub_category_id, recipe_ingredient_name, recipe_ingredient_count) VALUES (76,13,30,'양파','1개');
INSERT INTO recipe_ingredient (recipe_ingredient_id, recipe_id, sub_category_id, recipe_ingredient_name, recipe_ingredient_count) VALUES (77,13,44,'대파','1대');
INSERT INTO recipe_ingredient (recipe_ingredient_id, recipe_id, sub_category_id, recipe_ingredient_name, recipe_ingredient_count) VALUES (78,13,114,'당면','한 줌');
INSERT INTO recipe_ingredient (recipe_ingredient_id, recipe_id, sub_category_id, recipe_ingredient_name, recipe_ingredient_count) VALUES (79,13,213,'간장','200ml');
INSERT INTO recipe_ingredient (recipe_ingredient_id, recipe_id, sub_category_id, recipe_ingredient_name, recipe_ingredient_count) VALUES (80,13,211,'설탕','1/2컵');
INSERT INTO recipe_ingredient (recipe_ingredient_id, recipe_id, sub_category_id, recipe_ingredient_name, recipe_ingredient_count) VALUES (81,13,247,'맛술','1/2컵');
INSERT INTO recipe_ingredient (recipe_ingredient_id, recipe_id, sub_category_id, recipe_ingredient_name, recipe_ingredient_count) VALUES (82,13,243,'다진마늘','2티스푼');
INSERT INTO recipe_ingredient (recipe_ingredient_id, recipe_id, sub_category_id, recipe_ingredient_name, recipe_ingredient_count) VALUES (83,13,244,'순후추','조금');
INSERT INTO recipe_ingredient (recipe_ingredient_id, recipe_id, sub_category_id, recipe_ingredient_name, recipe_ingredient_count) VALUES (84,14,50,'닭-가슴살','1개');
INSERT INTO recipe_ingredient (recipe_ingredient_id, recipe_id, sub_category_id, recipe_ingredient_name, recipe_ingredient_count) VALUES (85,14,30,'양파','반개');
INSERT INTO recipe_ingredient (recipe_ingredient_id, recipe_id, sub_category_id, recipe_ingredient_name, recipe_ingredient_count) VALUES (86,14,44,'대파','반개');
INSERT INTO recipe_ingredient (recipe_ingredient_id, recipe_id, sub_category_id, recipe_ingredient_name, recipe_ingredient_count) VALUES (87,14,207,'계란','3개');
INSERT INTO recipe_ingredient (recipe_ingredient_id, recipe_id, sub_category_id, recipe_ingredient_name, recipe_ingredient_count) VALUES (88,14,210,'소금','조금');
INSERT INTO recipe_ingredient (recipe_ingredient_id, recipe_id, sub_category_id, recipe_ingredient_name, recipe_ingredient_count) VALUES (89,14,236,'후추','조금');
INSERT INTO recipe_ingredient (recipe_ingredient_id, recipe_id, sub_category_id, recipe_ingredient_name, recipe_ingredient_count) VALUES (90,14,150,'쌀','1공기');
INSERT INTO recipe_ingredient (recipe_ingredient_id, recipe_id, sub_category_id, recipe_ingredient_name, recipe_ingredient_count) VALUES (91,14,213,'간장','3스푼');
INSERT INTO recipe_ingredient (recipe_ingredient_id, recipe_id, sub_category_id, recipe_ingredient_name, recipe_ingredient_count) VALUES (92,14,247,'맛술','1스푼');
INSERT INTO recipe_ingredient (recipe_ingredient_id, recipe_id, sub_category_id, recipe_ingredient_name, recipe_ingredient_count) VALUES (93,14,211,'설탕','2스푼');
INSERT INTO recipe_ingredient (recipe_ingredient_id, recipe_id, sub_category_id, recipe_ingredient_name, recipe_ingredient_count) VALUES (94,15,65,'소고기-불고기','620g');
INSERT INTO recipe_ingredient (recipe_ingredient_id, recipe_id, sub_category_id, recipe_ingredient_name, recipe_ingredient_count) VALUES (95,15,30,'양파','반개');
INSERT INTO recipe_ingredient (recipe_ingredient_id, recipe_id, sub_category_id, recipe_ingredient_name, recipe_ingredient_count) VALUES (96,15,10,'당근','1/3개');
INSERT INTO recipe_ingredient (recipe_ingredient_id, recipe_id, sub_category_id, recipe_ingredient_name, recipe_ingredient_count) VALUES (97,15,27,'양배추','조금');
INSERT INTO recipe_ingredient (recipe_ingredient_id, recipe_id, sub_category_id, recipe_ingredient_name, recipe_ingredient_count) VALUES (98,15,47,'쪽파','조금');
INSERT INTO recipe_ingredient (recipe_ingredient_id, recipe_id, sub_category_id, recipe_ingredient_name, recipe_ingredient_count) VALUES (99,15,213,'간장','5스푼');
INSERT INTO recipe_ingredient (recipe_ingredient_id, recipe_id, sub_category_id, recipe_ingredient_name, recipe_ingredient_count) VALUES (100,15,243,'다진마늘','1스푼');
INSERT INTO recipe_ingredient (recipe_ingredient_id, recipe_id, sub_category_id, recipe_ingredient_name, recipe_ingredient_count) VALUES (101,15,211,'설탕','1스푼');
INSERT INTO recipe_ingredient (recipe_ingredient_id, recipe_id, sub_category_id, recipe_ingredient_name, recipe_ingredient_count) VALUES (102,15,217,'물엿','2스푼');
INSERT INTO recipe_ingredient (recipe_ingredient_id, recipe_id, sub_category_id, recipe_ingredient_name, recipe_ingredient_count) VALUES (103,15,253,'매실액기스','2스푼');
INSERT INTO recipe_ingredient (recipe_ingredient_id, recipe_id, sub_category_id, recipe_ingredient_name, recipe_ingredient_count) VALUES (104,15,236,'후추','조금');
INSERT INTO recipe_ingredient (recipe_ingredient_id, recipe_id, sub_category_id, recipe_ingredient_name, recipe_ingredient_count) VALUES (105,16,15,'배추','16장');
INSERT INTO recipe_ingredient (recipe_ingredient_id, recipe_id, sub_category_id, recipe_ingredient_name, recipe_ingredient_count) VALUES (106,16,7,'깻잎','20장');
INSERT INTO recipe_ingredient (recipe_ingredient_id, recipe_id, sub_category_id, recipe_ingredient_name, recipe_ingredient_count) VALUES (107,16,60,'소고기-등심','600g');
INSERT INTO recipe_ingredient (recipe_ingredient_id, recipe_id, sub_category_id, recipe_ingredient_name, recipe_ingredient_count) VALUES (108,16,10,'당근','3조각');
INSERT INTO recipe_ingredient (recipe_ingredient_id, recipe_id, sub_category_id, recipe_ingredient_name, recipe_ingredient_count) VALUES (109,16,41,'표고버섯','2개');
INSERT INTO recipe_ingredient (recipe_ingredient_id, recipe_id, sub_category_id, recipe_ingredient_name, recipe_ingredient_count) VALUES (110,16,213,'간장','3스푼');
INSERT INTO recipe_ingredient (recipe_ingredient_id, recipe_id, sub_category_id, recipe_ingredient_name, recipe_ingredient_count) VALUES (111,16,245,'소주','3스푼');
INSERT INTO recipe_ingredient (recipe_ingredient_id, recipe_id, sub_category_id, recipe_ingredient_name, recipe_ingredient_count) VALUES (112,16,243,'다진마늘','1티스푼');
INSERT INTO recipe_ingredient (recipe_ingredient_id, recipe_id, sub_category_id, recipe_ingredient_name, recipe_ingredient_count) VALUES (113,17,69,'미역','한 줌');
INSERT INTO recipe_ingredient (recipe_ingredient_id, recipe_id, sub_category_id, recipe_ingredient_name, recipe_ingredient_count) VALUES (114,17,62,'소고기-국거리','400g');
INSERT INTO recipe_ingredient (recipe_ingredient_id, recipe_id, sub_category_id, recipe_ingredient_name, recipe_ingredient_count) VALUES (115,17,228,'참기름','2스푼');
INSERT INTO recipe_ingredient (recipe_ingredient_id, recipe_id, sub_category_id, recipe_ingredient_name, recipe_ingredient_count) VALUES (116,17,251,'국간장','6스푼');
INSERT INTO recipe_ingredient (recipe_ingredient_id, recipe_id, sub_category_id, recipe_ingredient_name, recipe_ingredient_count) VALUES (117,17,248,'액젓','1스푼');
INSERT INTO recipe_ingredient (recipe_ingredient_id, recipe_id, sub_category_id, recipe_ingredient_name, recipe_ingredient_count) VALUES (118,17,210,'소금','조금');
INSERT INTO recipe_ingredient (recipe_ingredient_id, recipe_id, sub_category_id, recipe_ingredient_name, recipe_ingredient_count) VALUES (119,18,36,'콩나물','300g');
INSERT INTO recipe_ingredient (recipe_ingredient_id, recipe_id, sub_category_id, recipe_ingredient_name, recipe_ingredient_count) VALUES (120,18,67,'대패삼겹살','500g');
INSERT INTO recipe_ingredient (recipe_ingredient_id, recipe_id, sub_category_id, recipe_ingredient_name, recipe_ingredient_count) VALUES (121,18,30,'양파','반개');
INSERT INTO recipe_ingredient (recipe_ingredient_id, recipe_id, sub_category_id, recipe_ingredient_name, recipe_ingredient_count) VALUES (122,18,44,'대파','1개');
INSERT INTO recipe_ingredient (recipe_ingredient_id, recipe_id, sub_category_id, recipe_ingredient_name, recipe_ingredient_count) VALUES (123,18,16,'버섯','조금');
INSERT INTO recipe_ingredient (recipe_ingredient_id, recipe_id, sub_category_id, recipe_ingredient_name, recipe_ingredient_count) VALUES (124,18,215,'고추장','3스푼');
INSERT INTO recipe_ingredient (recipe_ingredient_id, recipe_id, sub_category_id, recipe_ingredient_name, recipe_ingredient_count) VALUES (125,18,212,'고춧가루','2스푼');
INSERT INTO recipe_ingredient (recipe_ingredient_id, recipe_id, sub_category_id, recipe_ingredient_name, recipe_ingredient_count) VALUES (126,18,213,'간장','2스푼');
INSERT INTO recipe_ingredient (recipe_ingredient_id, recipe_id, sub_category_id, recipe_ingredient_name, recipe_ingredient_count) VALUES (127,18,247,'맛술','2스푼');
INSERT INTO recipe_ingredient (recipe_ingredient_id, recipe_id, sub_category_id, recipe_ingredient_name, recipe_ingredient_count) VALUES (128,18,211,'설탕','2스푼');
INSERT INTO recipe_ingredient (recipe_ingredient_id, recipe_id, sub_category_id, recipe_ingredient_name, recipe_ingredient_count) VALUES (129,19,149,'스파게티면','2인분');
INSERT INTO recipe_ingredient (recipe_ingredient_id, recipe_id, sub_category_id, recipe_ingredient_name, recipe_ingredient_count) VALUES (130,19,101,'미트볼','조금');
INSERT INTO recipe_ingredient (recipe_ingredient_id, recipe_id, sub_category_id, recipe_ingredient_name, recipe_ingredient_count) VALUES (131,19,249,'토마토소스','4컵');
INSERT INTO recipe_ingredient (recipe_ingredient_id, recipe_id, sub_category_id, recipe_ingredient_name, recipe_ingredient_count) VALUES (132,19,252,'파마산치즈가루','조금');
INSERT INTO recipe_ingredient (recipe_ingredient_id, recipe_id, sub_category_id, recipe_ingredient_name, recipe_ingredient_count) VALUES (133,19,210,'소금','두 꼬집');
INSERT INTO recipe_ingredient (recipe_ingredient_id, recipe_id, sub_category_id, recipe_ingredient_name, recipe_ingredient_count) VALUES (134,19,226,'식용유','2스푼');
INSERT INTO recipe_ingredient (recipe_ingredient_id, recipe_id, sub_category_id, recipe_ingredient_name, recipe_ingredient_count) VALUES (135,20,62,'소고기-국거리','150g');
INSERT INTO recipe_ingredient (recipe_ingredient_id, recipe_id, sub_category_id, recipe_ingredient_name, recipe_ingredient_count) VALUES (136,20,13,'무','5cm');
INSERT INTO recipe_ingredient (recipe_ingredient_id, recipe_id, sub_category_id, recipe_ingredient_name, recipe_ingredient_count) VALUES (137,20,44,'대파','1개');
INSERT INTO recipe_ingredient (recipe_ingredient_id, recipe_id, sub_category_id, recipe_ingredient_name, recipe_ingredient_count) VALUES (138,20,228,'참기름','1스푼');
INSERT INTO recipe_ingredient (recipe_ingredient_id, recipe_id, sub_category_id, recipe_ingredient_name, recipe_ingredient_count) VALUES (139,20,243,'다진마늘','1스푼');
INSERT INTO recipe_ingredient (recipe_ingredient_id, recipe_id, sub_category_id, recipe_ingredient_name, recipe_ingredient_count) VALUES (140,20,213,'간장','2스푼');
INSERT INTO recipe_ingredient (recipe_ingredient_id, recipe_id, sub_category_id, recipe_ingredient_name, recipe_ingredient_count) VALUES (141,20,248,'액젓','1스푼');
INSERT INTO recipe_ingredient (recipe_ingredient_id, recipe_id, sub_category_id, recipe_ingredient_name, recipe_ingredient_count) VALUES (142,21,13,'무','600g');
INSERT INTO recipe_ingredient (recipe_ingredient_id, recipe_id, sub_category_id, recipe_ingredient_name, recipe_ingredient_count) VALUES (143,21,55,'돼지고기-뒷다리','200~300g');
INSERT INTO recipe_ingredient (recipe_ingredient_id, recipe_id, sub_category_id, recipe_ingredient_name, recipe_ingredient_count) VALUES (144,21,44,'대파','1대');
INSERT INTO recipe_ingredient (recipe_ingredient_id, recipe_id, sub_category_id, recipe_ingredient_name, recipe_ingredient_count) VALUES (145,21,46,'청양고추','2~3개');
INSERT INTO recipe_ingredient (recipe_ingredient_id, recipe_id, sub_category_id, recipe_ingredient_name, recipe_ingredient_count) VALUES (146,21,214,'된장','3큰술');
INSERT INTO recipe_ingredient (recipe_ingredient_id, recipe_id, sub_category_id, recipe_ingredient_name, recipe_ingredient_count) VALUES (147,21,215,'고추장','1큰술');
INSERT INTO recipe_ingredient (recipe_ingredient_id, recipe_id, sub_category_id, recipe_ingredient_name, recipe_ingredient_count) VALUES (148,21,243,'다진마늘','1스푼');
INSERT INTO recipe_ingredient (recipe_ingredient_id, recipe_id, sub_category_id, recipe_ingredient_name, recipe_ingredient_count) VALUES (149,21,212,'고춧가루','1스푼');
INSERT INTO recipe_ingredient (recipe_ingredient_id, recipe_id, sub_category_id, recipe_ingredient_name, recipe_ingredient_count) VALUES (150,22,150,'쌀','1공기');
INSERT INTO recipe_ingredient (recipe_ingredient_id, recipe_id, sub_category_id, recipe_ingredient_name, recipe_ingredient_count) VALUES (151,22,207,'계란','1개');
INSERT INTO recipe_ingredient (recipe_ingredient_id, recipe_id, sub_category_id, recipe_ingredient_name, recipe_ingredient_count) VALUES (152,22,226,'식용유','2스푼');
INSERT INTO recipe_ingredient (recipe_ingredient_id, recipe_id, sub_category_id, recipe_ingredient_name, recipe_ingredient_count) VALUES (153,22,213,'간장','1스푼');
INSERT INTO recipe_ingredient (recipe_ingredient_id, recipe_id, sub_category_id, recipe_ingredient_name, recipe_ingredient_count) VALUES (154,22,228,'참기름','1스푼');
INSERT INTO recipe_ingredient (recipe_ingredient_id, recipe_id, sub_category_id, recipe_ingredient_name, recipe_ingredient_count) VALUES (155,23,150,'쌀','2공기');
INSERT INTO recipe_ingredient (recipe_ingredient_id, recipe_id, sub_category_id, recipe_ingredient_name, recipe_ingredient_count) VALUES (156,23,87,'햄','1통');
INSERT INTO recipe_ingredient (recipe_ingredient_id, recipe_id, sub_category_id, recipe_ingredient_name, recipe_ingredient_count) VALUES (157,23,219,'마요네즈','조금');
INSERT INTO recipe_ingredient (recipe_ingredient_id, recipe_id, sub_category_id, recipe_ingredient_name, recipe_ingredient_count) VALUES (158,23,207,'계란','2개');
INSERT INTO recipe_ingredient (recipe_ingredient_id, recipe_id, sub_category_id, recipe_ingredient_name, recipe_ingredient_count) VALUES (159,23,30,'양파','1/2개');
INSERT INTO recipe_ingredient (recipe_ingredient_id, recipe_id, sub_category_id, recipe_ingredient_name, recipe_ingredient_count) VALUES (160,23,47,'쪽파','조금');
INSERT INTO recipe_ingredient (recipe_ingredient_id, recipe_id, sub_category_id, recipe_ingredient_name, recipe_ingredient_count) VALUES (161,23,213,'간장','1큰술');
INSERT INTO recipe_ingredient (recipe_ingredient_id, recipe_id, sub_category_id, recipe_ingredient_name, recipe_ingredient_count) VALUES (162,24,2,'감자','4개');
INSERT INTO recipe_ingredient (recipe_ingredient_id, recipe_id, sub_category_id, recipe_ingredient_name, recipe_ingredient_count) VALUES (163,24,210,'소금','1/4큰술');
INSERT INTO recipe_ingredient (recipe_ingredient_id, recipe_id, sub_category_id, recipe_ingredient_name, recipe_ingredient_count) VALUES (164,24,226,'식용유','2큰술');
INSERT INTO recipe_ingredient (recipe_ingredient_id, recipe_id, sub_category_id, recipe_ingredient_name, recipe_ingredient_count) VALUES (165,25,148,'떡볶이 떡','원하는 만큼');
INSERT INTO recipe_ingredient (recipe_ingredient_id, recipe_id, sub_category_id, recipe_ingredient_name, recipe_ingredient_count) VALUES (166,25,88,'소세지','워하는 만큼');
INSERT INTO recipe_ingredient (recipe_ingredient_id, recipe_id, sub_category_id, recipe_ingredient_name, recipe_ingredient_count) VALUES (167,25,213,'간장','2큰술');
INSERT INTO recipe_ingredient (recipe_ingredient_id, recipe_id, sub_category_id, recipe_ingredient_name, recipe_ingredient_count) VALUES (168,25,247,'맛술','2큰술');
INSERT INTO recipe_ingredient (recipe_ingredient_id, recipe_id, sub_category_id, recipe_ingredient_name, recipe_ingredient_count) VALUES (169,25,243,'다진마늘','1/2큰술');
INSERT INTO recipe_ingredient (recipe_ingredient_id, recipe_id, sub_category_id, recipe_ingredient_name, recipe_ingredient_count) VALUES (170,25,225,'케찹','4큰술');
INSERT INTO recipe_ingredient (recipe_ingredient_id, recipe_id, sub_category_id, recipe_ingredient_name, recipe_ingredient_count) VALUES (171,25,215,'고추장','1큰술');
INSERT INTO recipe_ingredient (recipe_ingredient_id, recipe_id, sub_category_id, recipe_ingredient_name, recipe_ingredient_count) VALUES (172,25,211,'설탕','2큰술');
INSERT INTO recipe_ingredient (recipe_ingredient_id, recipe_id, sub_category_id, recipe_ingredient_name, recipe_ingredient_count) VALUES (173,25,226,'식용유','1큰술');
INSERT INTO recipe_ingredient (recipe_ingredient_id, recipe_id, sub_category_id, recipe_ingredient_name, recipe_ingredient_count) VALUES (174,26,207,'계란','2개');
INSERT INTO recipe_ingredient (recipe_ingredient_id, recipe_id, sub_category_id, recipe_ingredient_name, recipe_ingredient_count) VALUES (175,26,249,'토마토소스','300mL');
INSERT INTO recipe_ingredient (recipe_ingredient_id, recipe_id, sub_category_id, recipe_ingredient_name, recipe_ingredient_count) VALUES (176,26,194,'우유','100mL');
INSERT INTO recipe_ingredient (recipe_ingredient_id, recipe_id, sub_category_id, recipe_ingredient_name, recipe_ingredient_count) VALUES (177,26,197,'모짜렐라치즈','넉넉히');
INSERT INTO recipe_ingredient (recipe_ingredient_id, recipe_id, sub_category_id, recipe_ingredient_name, recipe_ingredient_count) VALUES (178,26,12,'마늘','1개');
INSERT INTO recipe_ingredient (recipe_ingredient_id, recipe_id, sub_category_id, recipe_ingredient_name, recipe_ingredient_count) VALUES (179,26,30,'양파','1/2개');
INSERT INTO recipe_ingredient (recipe_ingredient_id, recipe_id, sub_category_id, recipe_ingredient_name, recipe_ingredient_count) VALUES (180,26,42,'피망','1/4개');
INSERT INTO recipe_ingredient (recipe_ingredient_id, recipe_id, sub_category_id, recipe_ingredient_name, recipe_ingredient_count) VALUES (181,26,88,'소세지','원하는 만큼');
INSERT INTO recipe_ingredient (recipe_ingredient_id, recipe_id, sub_category_id, recipe_ingredient_name, recipe_ingredient_count) VALUES (182,26,29,'양송이버섯','2개');
INSERT INTO recipe_ingredient (recipe_ingredient_id, recipe_id, sub_category_id, recipe_ingredient_name, recipe_ingredient_count) VALUES (183,26,226,'식용유','1큰술');
INSERT INTO recipe_ingredient (recipe_ingredient_id, recipe_id, sub_category_id, recipe_ingredient_name, recipe_ingredient_count) VALUES (184,26,210,'소금','약간');
INSERT INTO recipe_ingredient (recipe_ingredient_id, recipe_id, sub_category_id, recipe_ingredient_name, recipe_ingredient_count) VALUES (185,26,236,'후추','약간');
INSERT INTO recipe_ingredient (recipe_ingredient_id, recipe_id, sub_category_id, recipe_ingredient_name, recipe_ingredient_count) VALUES (186,27,27,'양배추','조금');
INSERT INTO recipe_ingredient (recipe_ingredient_id, recipe_id, sub_category_id, recipe_ingredient_name, recipe_ingredient_count) VALUES (187,27,30,'양파','1/4 개');
INSERT INTO recipe_ingredient (recipe_ingredient_id, recipe_id, sub_category_id, recipe_ingredient_name, recipe_ingredient_count) VALUES (188,27,120,'밀가루','1큰술');
INSERT INTO recipe_ingredient (recipe_ingredient_id, recipe_id, sub_category_id, recipe_ingredient_name, recipe_ingredient_count) VALUES (189,27,121,'부침가루','1큰술');
INSERT INTO recipe_ingredient (recipe_ingredient_id, recipe_id, sub_category_id, recipe_ingredient_name, recipe_ingredient_count) VALUES (190,27,207,'계란','2개');
INSERT INTO recipe_ingredient (recipe_ingredient_id, recipe_id, sub_category_id, recipe_ingredient_name, recipe_ingredient_count) VALUES (191,27,102,'참치캔','1개');
INSERT INTO recipe_ingredient (recipe_ingredient_id, recipe_id, sub_category_id, recipe_ingredient_name, recipe_ingredient_count) VALUES (192,27,242,'돈까스소스','원하는 만큼');
INSERT INTO recipe_ingredient (recipe_ingredient_id, recipe_id, sub_category_id, recipe_ingredient_name, recipe_ingredient_count) VALUES (193,27,219,'마요네즈','원하는 만큼');
INSERT INTO recipe_ingredient (recipe_ingredient_id, recipe_id, sub_category_id, recipe_ingredient_name, recipe_ingredient_count) VALUES (194,27,261,'가쓰오부시','원하는 만큼');
INSERT INTO recipe_ingredient (recipe_ingredient_id, recipe_id, sub_category_id, recipe_ingredient_name, recipe_ingredient_count) VALUES (195,28,194,'우유','300ml');
INSERT INTO recipe_ingredient (recipe_ingredient_id, recipe_id, sub_category_id, recipe_ingredient_name, recipe_ingredient_count) VALUES (196,28,30,'양파','1/2개');
INSERT INTO recipe_ingredient (recipe_ingredient_id, recipe_id, sub_category_id, recipe_ingredient_name, recipe_ingredient_count) VALUES (197,28,93,'베이컨','4줄');
INSERT INTO recipe_ingredient (recipe_ingredient_id, recipe_id, sub_category_id, recipe_ingredient_name, recipe_ingredient_count) VALUES (198,28,195,'버터','2조각(40g)');
INSERT INTO recipe_ingredient (recipe_ingredient_id, recipe_id, sub_category_id, recipe_ingredient_name, recipe_ingredient_count) VALUES (199,28,113,'파스타면','1인분');
INSERT INTO recipe_ingredient (recipe_ingredient_id, recipe_id, sub_category_id, recipe_ingredient_name, recipe_ingredient_count) VALUES (200,28,260,'굴소스','1큰술');
INSERT INTO recipe_ingredient (recipe_ingredient_id, recipe_id, sub_category_id, recipe_ingredient_name, recipe_ingredient_count) VALUES (201,28,243,'다진마늘','1큰술');
INSERT INTO recipe_ingredient (recipe_ingredient_id, recipe_id, sub_category_id, recipe_ingredient_name, recipe_ingredient_count) VALUES (202,28,236,'후추','');
INSERT INTO recipe_ingredient (recipe_ingredient_id, recipe_id, sub_category_id, recipe_ingredient_name, recipe_ingredient_count) VALUES (203,28,254,'파슬리','');
INSERT INTO recipe_ingredient (recipe_ingredient_id, recipe_id, sub_category_id, recipe_ingredient_name, recipe_ingredient_count) VALUES (204,28,252,'파마산치즈가루','');
INSERT INTO recipe_ingredient (recipe_ingredient_id, recipe_id, sub_category_id, recipe_ingredient_name, recipe_ingredient_count) VALUES (205,29,123,'김치','1인분');
INSERT INTO recipe_ingredient (recipe_ingredient_id, recipe_id, sub_category_id, recipe_ingredient_name, recipe_ingredient_count) VALUES (206,29,52,'돼지고기-삼겹살','1인분(1줄)');
INSERT INTO recipe_ingredient (recipe_ingredient_id, recipe_id, sub_category_id, recipe_ingredient_name, recipe_ingredient_count) VALUES (207,29,211,'설탕','1큰술');
INSERT INTO recipe_ingredient (recipe_ingredient_id, recipe_id, sub_category_id, recipe_ingredient_name, recipe_ingredient_count) VALUES (208,29,213,'간장','1~2큰술');
INSERT INTO recipe_ingredient (recipe_ingredient_id, recipe_id, sub_category_id, recipe_ingredient_name, recipe_ingredient_count) VALUES (209,29,212,'고춧가루','2ts');
INSERT INTO recipe_ingredient (recipe_ingredient_id, recipe_id, sub_category_id, recipe_ingredient_name, recipe_ingredient_count) VALUES (210,29,227,'올리브유','1큰술');
INSERT INTO recipe_ingredient (recipe_ingredient_id, recipe_id, sub_category_id, recipe_ingredient_name, recipe_ingredient_count) VALUES (211,30,150,'쌀','1공기');
INSERT INTO recipe_ingredient (recipe_ingredient_id, recipe_id, sub_category_id, recipe_ingredient_name, recipe_ingredient_count) VALUES (212,30,44,'대파','1/4개');
INSERT INTO recipe_ingredient (recipe_ingredient_id, recipe_id, sub_category_id, recipe_ingredient_name, recipe_ingredient_count) VALUES (213,30,39,'파프리카','1/4개');
INSERT INTO recipe_ingredient (recipe_ingredient_id, recipe_id, sub_category_id, recipe_ingredient_name, recipe_ingredient_count) VALUES (214,30,30,'양파','1/8개');
INSERT INTO recipe_ingredient (recipe_ingredient_id, recipe_id, sub_category_id, recipe_ingredient_name, recipe_ingredient_count) VALUES (215,30,207,'계란','3개');
INSERT INTO recipe_ingredient (recipe_ingredient_id, recipe_id, sub_category_id, recipe_ingredient_name, recipe_ingredient_count) VALUES (216,30,88,'소세지','1개(긴 것 기쥔)');
INSERT INTO recipe_ingredient (recipe_ingredient_id, recipe_id, sub_category_id, recipe_ingredient_name, recipe_ingredient_count) VALUES (217,30,226,'식용유','조금');
INSERT INTO recipe_ingredient (recipe_ingredient_id, recipe_id, sub_category_id, recipe_ingredient_name, recipe_ingredient_count) VALUES (218,30,210,'소금','조금');
INSERT INTO recipe_ingredient (recipe_ingredient_id, recipe_id, sub_category_id, recipe_ingredient_name, recipe_ingredient_count) VALUES (219,30,236,'후추','조금');
INSERT INTO recipe_ingredient (recipe_ingredient_id, recipe_id, sub_category_id, recipe_ingredient_name, recipe_ingredient_count) VALUES (220,30,225,'케찹','조금');
INSERT INTO recipe_ingredient (recipe_ingredient_id, recipe_id, sub_category_id, recipe_ingredient_name, recipe_ingredient_count) VALUES (221,31,30,'양파','1개');
INSERT INTO recipe_ingredient (recipe_ingredient_id, recipe_id, sub_category_id, recipe_ingredient_name, recipe_ingredient_count) VALUES (222,31,207,'계란','1개');
INSERT INTO recipe_ingredient (recipe_ingredient_id, recipe_id, sub_category_id, recipe_ingredient_name, recipe_ingredient_count) VALUES (223,31,226,'식용유','1컵');
INSERT INTO recipe_ingredient (recipe_ingredient_id, recipe_id, sub_category_id, recipe_ingredient_name, recipe_ingredient_count) VALUES (224,31,122,'튀김가루','5스푼');
INSERT INTO recipe_ingredient (recipe_ingredient_id, recipe_id, sub_category_id, recipe_ingredient_name, recipe_ingredient_count) VALUES (225,31,264,'빵가루','1컵');
INSERT INTO recipe_ingredient (recipe_ingredient_id, recipe_id, sub_category_id, recipe_ingredient_name, recipe_ingredient_count) VALUES (226,31,210,'소금','조금');
INSERT INTO recipe_ingredient (recipe_ingredient_id, recipe_id, sub_category_id, recipe_ingredient_name, recipe_ingredient_count) VALUES (227,32,265,'식빵','8쪽');
INSERT INTO recipe_ingredient (recipe_ingredient_id, recipe_id, sub_category_id, recipe_ingredient_name, recipe_ingredient_count) VALUES (228,32,207,'계란','6개');
INSERT INTO recipe_ingredient (recipe_ingredient_id, recipe_id, sub_category_id, recipe_ingredient_name, recipe_ingredient_count) VALUES (229,32,219,'마요네즈','3스푼');
INSERT INTO recipe_ingredient (recipe_ingredient_id, recipe_id, sub_category_id, recipe_ingredient_name, recipe_ingredient_count) VALUES (230,32,263,'머스타드','0.5스푼');
INSERT INTO recipe_ingredient (recipe_ingredient_id, recipe_id, sub_category_id, recipe_ingredient_name, recipe_ingredient_count) VALUES (231,32,210,'소금','0.5티스푼');
INSERT INTO recipe_ingredient (recipe_ingredient_id, recipe_id, sub_category_id, recipe_ingredient_name, recipe_ingredient_count) VALUES (232,32,236,'후추','조금');
INSERT INTO recipe_ingredient (recipe_ingredient_id, recipe_id, sub_category_id, recipe_ingredient_name, recipe_ingredient_count) VALUES (233,33,52,'돼지고기-삼겹살','300g');
INSERT INTO recipe_ingredient (recipe_ingredient_id, recipe_id, sub_category_id, recipe_ingredient_name, recipe_ingredient_count) VALUES (234,33,12,'마늘','8알');
INSERT INTO recipe_ingredient (recipe_ingredient_id, recipe_id, sub_category_id, recipe_ingredient_name, recipe_ingredient_count) VALUES (235,33,46,'청양고추','3개');
INSERT INTO recipe_ingredient (recipe_ingredient_id, recipe_id, sub_category_id, recipe_ingredient_name, recipe_ingredient_count) VALUES (236,33,44,'대파','2대');
INSERT INTO recipe_ingredient (recipe_ingredient_id, recipe_id, sub_category_id, recipe_ingredient_name, recipe_ingredient_count) VALUES (237,33,213,'간장','3스푼');
INSERT INTO recipe_ingredient (recipe_ingredient_id, recipe_id, sub_category_id, recipe_ingredient_name, recipe_ingredient_count) VALUES (238,33,211,'설탕','1.5스푼');
INSERT INTO recipe_ingredient (recipe_ingredient_id, recipe_id, sub_category_id, recipe_ingredient_name, recipe_ingredient_count) VALUES (239,33,212,'고춧가루','2스푼');
INSERT INTO recipe_ingredient (recipe_ingredient_id, recipe_id, sub_category_id, recipe_ingredient_name, recipe_ingredient_count) VALUES (240,33,228,'참기름','0.5스푼');
INSERT INTO recipe_ingredient (recipe_ingredient_id, recipe_id, sub_category_id, recipe_ingredient_name, recipe_ingredient_count) VALUES (241,33,233,'맛소금','조금');
INSERT INTO recipe_ingredient (recipe_ingredient_id, recipe_id, sub_category_id, recipe_ingredient_name, recipe_ingredient_count) VALUES (242,33,236,'후추','조금');
INSERT INTO recipe_ingredient (recipe_ingredient_id, recipe_id, sub_category_id, recipe_ingredient_name, recipe_ingredient_count) VALUES (243,34,88,'소세지','1봉');
INSERT INTO recipe_ingredient (recipe_ingredient_id, recipe_id, sub_category_id, recipe_ingredient_name, recipe_ingredient_count) VALUES (244,34,39,'파프리카','0.5개');
INSERT INTO recipe_ingredient (recipe_ingredient_id, recipe_id, sub_category_id, recipe_ingredient_name, recipe_ingredient_count) VALUES (245,34,29,'양송이버섯','3개');
INSERT INTO recipe_ingredient (recipe_ingredient_id, recipe_id, sub_category_id, recipe_ingredient_name, recipe_ingredient_count) VALUES (246,34,44,'대파','1대');
INSERT INTO recipe_ingredient (recipe_ingredient_id, recipe_id, sub_category_id, recipe_ingredient_name, recipe_ingredient_count) VALUES (247,34,30,'양파','1개');
INSERT INTO recipe_ingredient (recipe_ingredient_id, recipe_id, sub_category_id, recipe_ingredient_name, recipe_ingredient_count) VALUES (248,34,210,'소금','조금');
INSERT INTO recipe_ingredient (recipe_ingredient_id, recipe_id, sub_category_id, recipe_ingredient_name, recipe_ingredient_count) VALUES (249,34,236,'후추','조금');
INSERT INTO recipe_ingredient (recipe_ingredient_id, recipe_id, sub_category_id, recipe_ingredient_name, recipe_ingredient_count) VALUES (250,34,196,'치즈','조금');
INSERT INTO recipe_ingredient (recipe_ingredient_id, recipe_id, sub_category_id, recipe_ingredient_name, recipe_ingredient_count) VALUES (251,35,86,'연어','150g');
INSERT INTO recipe_ingredient (recipe_ingredient_id, recipe_id, sub_category_id, recipe_ingredient_name, recipe_ingredient_count) VALUES (252,35,30,'양파','0.5개');
INSERT INTO recipe_ingredient (recipe_ingredient_id, recipe_id, sub_category_id, recipe_ingredient_name, recipe_ingredient_count) VALUES (253,35,213,'간장','1컵');
INSERT INTO recipe_ingredient (recipe_ingredient_id, recipe_id, sub_category_id, recipe_ingredient_name, recipe_ingredient_count) VALUES (254,35,211,'설탕','0.5컵');
INSERT INTO recipe_ingredient (recipe_ingredient_id, recipe_id, sub_category_id, recipe_ingredient_name, recipe_ingredient_count) VALUES (255,35,5,'고추','1개');
INSERT INTO recipe_ingredient (recipe_ingredient_id, recipe_id, sub_category_id, recipe_ingredient_name, recipe_ingredient_count) VALUES (256,35,44,'대파','0.5개');
INSERT INTO recipe_ingredient (recipe_ingredient_id, recipe_id, sub_category_id, recipe_ingredient_name, recipe_ingredient_count) VALUES (257,36,32,'오이','3개');
INSERT INTO recipe_ingredient (recipe_ingredient_id, recipe_id, sub_category_id, recipe_ingredient_name, recipe_ingredient_count) VALUES (258,36,213,'간장','2스푼');
INSERT INTO recipe_ingredient (recipe_ingredient_id, recipe_id, sub_category_id, recipe_ingredient_name, recipe_ingredient_count) VALUES (259,36,211,'설탕','2티스푼');
INSERT INTO recipe_ingredient (recipe_ingredient_id, recipe_id, sub_category_id, recipe_ingredient_name, recipe_ingredient_count) VALUES (260,36,216,'식초','1티스푼');
INSERT INTO recipe_ingredient (recipe_ingredient_id, recipe_id, sub_category_id, recipe_ingredient_name, recipe_ingredient_count) VALUES (261,36,212,'고춧가루','1스푼');
INSERT INTO recipe_ingredient (recipe_ingredient_id, recipe_id, sub_category_id, recipe_ingredient_name, recipe_ingredient_count) VALUES (262,36,164,'깨','조금');
INSERT INTO recipe_ingredient (recipe_ingredient_id, recipe_id, sub_category_id, recipe_ingredient_name, recipe_ingredient_count) VALUES (263,37,49,'닭-정육','350g');
INSERT INTO recipe_ingredient (recipe_ingredient_id, recipe_id, sub_category_id, recipe_ingredient_name, recipe_ingredient_count) VALUES (264,37,215,'고추장','1스푼');
INSERT INTO recipe_ingredient (recipe_ingredient_id, recipe_id, sub_category_id, recipe_ingredient_name, recipe_ingredient_count) VALUES (265,37,211,'설탕','1스푼');
INSERT INTO recipe_ingredient (recipe_ingredient_id, recipe_id, sub_category_id, recipe_ingredient_name, recipe_ingredient_count) VALUES (266,37,212,'고춧가루','1스푼');
INSERT INTO recipe_ingredient (recipe_ingredient_id, recipe_id, sub_category_id, recipe_ingredient_name, recipe_ingredient_count) VALUES (267,37,247,'맛술','1스푼');
INSERT INTO recipe_ingredient (recipe_ingredient_id, recipe_id, sub_category_id, recipe_ingredient_name, recipe_ingredient_count) VALUES (268,37,213,'간장','1스푼');
INSERT INTO recipe_ingredient (recipe_ingredient_id, recipe_id, sub_category_id, recipe_ingredient_name, recipe_ingredient_count) VALUES (269,37,12,'마늘','18알');
INSERT INTO recipe_ingredient (recipe_ingredient_id, recipe_id, sub_category_id, recipe_ingredient_name, recipe_ingredient_count) VALUES (270,37,2,'감자','0.5개');
INSERT INTO recipe_ingredient (recipe_ingredient_id, recipe_id, sub_category_id, recipe_ingredient_name, recipe_ingredient_count) VALUES (271,37,30,'양파','0.5개');
INSERT INTO recipe_ingredient (recipe_ingredient_id, recipe_id, sub_category_id, recipe_ingredient_name, recipe_ingredient_count) VALUES (272,37,5,'고추','4개');
INSERT INTO recipe_ingredient (recipe_ingredient_id, recipe_id, sub_category_id, recipe_ingredient_name, recipe_ingredient_count) VALUES (273,37,44,'대파','1컵');
INSERT INTO recipe_ingredient (recipe_ingredient_id, recipe_id, sub_category_id, recipe_ingredient_name, recipe_ingredient_count) VALUES (274,37,27,'양배추','1컵');
INSERT INTO recipe_ingredient (recipe_ingredient_id, recipe_id, sub_category_id, recipe_ingredient_name, recipe_ingredient_count) VALUES (275,37,228,'참기름','2스푼');
INSERT INTO recipe_ingredient (recipe_ingredient_id, recipe_id, sub_category_id, recipe_ingredient_name, recipe_ingredient_count) VALUES (276,37,236,'후추','조금');
INSERT INTO recipe_ingredient (recipe_ingredient_id, recipe_id, sub_category_id, recipe_ingredient_name, recipe_ingredient_count) VALUES (277,38,52,'돼지고기-삼겹살','600g');
INSERT INTO recipe_ingredient (recipe_ingredient_id, recipe_id, sub_category_id, recipe_ingredient_name, recipe_ingredient_count) VALUES (278,38,215,'고추장','2스푼');
INSERT INTO recipe_ingredient (recipe_ingredient_id, recipe_id, sub_category_id, recipe_ingredient_name, recipe_ingredient_count) VALUES (279,38,12,'마늘','4알');
INSERT INTO recipe_ingredient (recipe_ingredient_id, recipe_id, sub_category_id, recipe_ingredient_name, recipe_ingredient_count) VALUES (280,38,213,'간장','2스푼');
INSERT INTO recipe_ingredient (recipe_ingredient_id, recipe_id, sub_category_id, recipe_ingredient_name, recipe_ingredient_count) VALUES (281,38,236,'후추','조금');
INSERT INTO recipe_ingredient (recipe_ingredient_id, recipe_id, sub_category_id, recipe_ingredient_name, recipe_ingredient_count) VALUES (282,38,210,'소금','조금');
INSERT INTO recipe_ingredient (recipe_ingredient_id, recipe_id, sub_category_id, recipe_ingredient_name, recipe_ingredient_count) VALUES (283,38,211,'설탕','2스푼');
INSERT INTO recipe_ingredient (recipe_ingredient_id, recipe_id, sub_category_id, recipe_ingredient_name, recipe_ingredient_count) VALUES (284,39,207,'계란','20개');
INSERT INTO recipe_ingredient (recipe_ingredient_id, recipe_id, sub_category_id, recipe_ingredient_name, recipe_ingredient_count) VALUES (285,39,12,'마늘','20알');
INSERT INTO recipe_ingredient (recipe_ingredient_id, recipe_id, sub_category_id, recipe_ingredient_name, recipe_ingredient_count) VALUES (286,39,262,'꽈리고추','16개');
INSERT INTO recipe_ingredient (recipe_ingredient_id, recipe_id, sub_category_id, recipe_ingredient_name, recipe_ingredient_count) VALUES (287,39,46,'청양고추','4개');
INSERT INTO recipe_ingredient (recipe_ingredient_id, recipe_id, sub_category_id, recipe_ingredient_name, recipe_ingredient_count) VALUES (288,39,213,'간장','1.5컵');
INSERT INTO recipe_ingredient (recipe_ingredient_id, recipe_id, sub_category_id, recipe_ingredient_name, recipe_ingredient_count) VALUES (289,39,211,'설탕','0.7컵');
INSERT INTO recipe_ingredient (recipe_ingredient_id, recipe_id, sub_category_id, recipe_ingredient_name, recipe_ingredient_count) VALUES (290,39,217,'물엿','0.25컵');
INSERT INTO recipe_ingredient (recipe_ingredient_id, recipe_id, sub_category_id, recipe_ingredient_name, recipe_ingredient_count) VALUES (291,40,129,'만두','1봉');
INSERT INTO recipe_ingredient (recipe_ingredient_id, recipe_id, sub_category_id, recipe_ingredient_name, recipe_ingredient_count) VALUES (292,40,226,'식용유','2스푼');
INSERT INTO recipe_ingredient (recipe_ingredient_id, recipe_id, sub_category_id, recipe_ingredient_name, recipe_ingredient_count) VALUES (293,40,213,'간장','1스푼');
INSERT INTO recipe_ingredient (recipe_ingredient_id, recipe_id, sub_category_id, recipe_ingredient_name, recipe_ingredient_count) VALUES (294,40,216,'식초','1스푼');
INSERT INTO recipe_ingredient (recipe_ingredient_id, recipe_id, sub_category_id, recipe_ingredient_name, recipe_ingredient_count) VALUES (295,40,212,'고춧가루','1티스푼');
INSERT INTO recipe_ingredient (recipe_ingredient_id, recipe_id, sub_category_id, recipe_ingredient_name, recipe_ingredient_count) VALUES (296,41,255,'스팸','1통');
INSERT INTO recipe_ingredient (recipe_ingredient_id, recipe_id, sub_category_id, recipe_ingredient_name, recipe_ingredient_count) VALUES (297,41,88,'소세지','2개');
INSERT INTO recipe_ingredient (recipe_ingredient_id, recipe_id, sub_category_id, recipe_ingredient_name, recipe_ingredient_count) VALUES (298,41,123,'김치','1인분');
INSERT INTO recipe_ingredient (recipe_ingredient_id, recipe_id, sub_category_id, recipe_ingredient_name, recipe_ingredient_count) VALUES (299,41,117,'두부','1모');
INSERT INTO recipe_ingredient (recipe_ingredient_id, recipe_id, sub_category_id, recipe_ingredient_name, recipe_ingredient_count) VALUES (300,41,30,'양파','1개');
INSERT INTO recipe_ingredient (recipe_ingredient_id, recipe_id, sub_category_id, recipe_ingredient_name, recipe_ingredient_count) VALUES (301,41,44,'대파','1개');
INSERT INTO recipe_ingredient (recipe_ingredient_id, recipe_id, sub_category_id, recipe_ingredient_name, recipe_ingredient_count) VALUES (302,41,129,'만두','4개');
INSERT INTO recipe_ingredient (recipe_ingredient_id, recipe_id, sub_category_id, recipe_ingredient_name, recipe_ingredient_count) VALUES (303,41,111,'라면','1개');
INSERT INTO recipe_ingredient (recipe_ingredient_id, recipe_id, sub_category_id, recipe_ingredient_name, recipe_ingredient_count) VALUES (304,41,213,'간장','3큰술');
INSERT INTO recipe_ingredient (recipe_ingredient_id, recipe_id, sub_category_id, recipe_ingredient_name, recipe_ingredient_count) VALUES (305,41,215,'고추장','1큰술');
INSERT INTO recipe_ingredient (recipe_ingredient_id, recipe_id, sub_category_id, recipe_ingredient_name, recipe_ingredient_count) VALUES (306,41,212,'고춧가루','2큰술');
INSERT INTO recipe_ingredient (recipe_ingredient_id, recipe_id, sub_category_id, recipe_ingredient_name, recipe_ingredient_count) VALUES (307,41,243,'다진마늘','1큰술');
INSERT INTO recipe_ingredient (recipe_ingredient_id, recipe_id, sub_category_id, recipe_ingredient_name, recipe_ingredient_count) VALUES (308,41,247,'맛술','1큰술');
INSERT INTO recipe_ingredient (recipe_ingredient_id, recipe_id, sub_category_id, recipe_ingredient_name, recipe_ingredient_count) VALUES (309,41,211,'설탕','1큰술');
INSERT INTO recipe_ingredient (recipe_ingredient_id, recipe_id, sub_category_id, recipe_ingredient_name, recipe_ingredient_count) VALUES (310,42,207,'계란','2개');
INSERT INTO recipe_ingredient (recipe_ingredient_id, recipe_id, sub_category_id, recipe_ingredient_name, recipe_ingredient_count) VALUES (311,42,44,'대파','1/2개');
INSERT INTO recipe_ingredient (recipe_ingredient_id, recipe_id, sub_category_id, recipe_ingredient_name, recipe_ingredient_count) VALUES (312,42,30,'양파','1/2개');
INSERT INTO recipe_ingredient (recipe_ingredient_id, recipe_id, sub_category_id, recipe_ingredient_name, recipe_ingredient_count) VALUES (313,42,226,'식용유','2큰술');
INSERT INTO recipe_ingredient (recipe_ingredient_id, recipe_id, sub_category_id, recipe_ingredient_name, recipe_ingredient_count) VALUES (314,42,213,'간장','1큰술');
INSERT INTO recipe_ingredient (recipe_ingredient_id, recipe_id, sub_category_id, recipe_ingredient_name, recipe_ingredient_count) VALUES (315,43,207,'계란','3개');
INSERT INTO recipe_ingredient (recipe_ingredient_id, recipe_id, sub_category_id, recipe_ingredient_name, recipe_ingredient_count) VALUES (316,43,210,'소금','1/3큰술');
INSERT INTO recipe_ingredient (recipe_ingredient_id, recipe_id, sub_category_id, recipe_ingredient_name, recipe_ingredient_count) VALUES (317,43,44,'대파','1/4개');
INSERT INTO recipe_ingredient (recipe_ingredient_id, recipe_id, sub_category_id, recipe_ingredient_name, recipe_ingredient_count) VALUES (318,44,12,'마늘','17쪽');
INSERT INTO recipe_ingredient (recipe_ingredient_id, recipe_id, sub_category_id, recipe_ingredient_name, recipe_ingredient_count) VALUES (319,44,243,'다진마늘','1큰술');
INSERT INTO recipe_ingredient (recipe_ingredient_id, recipe_id, sub_category_id, recipe_ingredient_name, recipe_ingredient_count) VALUES (320,44,227,'올리브유','1컵');
INSERT INTO recipe_ingredient (recipe_ingredient_id, recipe_id, sub_category_id, recipe_ingredient_name, recipe_ingredient_count) VALUES (321,44,70,'새우','23마리');
INSERT INTO recipe_ingredient (recipe_ingredient_id, recipe_id, sub_category_id, recipe_ingredient_name, recipe_ingredient_count) VALUES (322,44,81,'바지락','17개');
INSERT INTO recipe_ingredient (recipe_ingredient_id, recipe_id, sub_category_id, recipe_ingredient_name, recipe_ingredient_count) VALUES (323,44,210,'소금','1작은술');
INSERT INTO recipe_ingredient (recipe_ingredient_id, recipe_id, sub_category_id, recipe_ingredient_name, recipe_ingredient_count) VALUES (324,44,236,'후추','1/3작은술');
INSERT INTO recipe_ingredient (recipe_ingredient_id, recipe_id, sub_category_id, recipe_ingredient_name, recipe_ingredient_count) VALUES (325,44,254,'파슬리','1/3작은술');
INSERT INTO recipe_ingredient (recipe_ingredient_id, recipe_id, sub_category_id, recipe_ingredient_name, recipe_ingredient_count) VALUES (326,45,2,'감자','2개');
INSERT INTO recipe_ingredient (recipe_ingredient_id, recipe_id, sub_category_id, recipe_ingredient_name, recipe_ingredient_count) VALUES (327,45,30,'양파','1개');
INSERT INTO recipe_ingredient (recipe_ingredient_id, recipe_id, sub_category_id, recipe_ingredient_name, recipe_ingredient_count) VALUES (328,45,10,'당근','1/2개');
INSERT INTO recipe_ingredient (recipe_ingredient_id, recipe_id, sub_category_id, recipe_ingredient_name, recipe_ingredient_count) VALUES (329,45,210,'소금','1/3작은술');
INSERT INTO recipe_ingredient (recipe_ingredient_id, recipe_id, sub_category_id, recipe_ingredient_name, recipe_ingredient_count) VALUES (330,45,236,'후추','1/3작은술');
INSERT INTO recipe_ingredient (recipe_ingredient_id, recipe_id, sub_category_id, recipe_ingredient_name, recipe_ingredient_count) VALUES (331,45,254,'파슬리','1/3작은술');
INSERT INTO recipe_ingredient (recipe_ingredient_id, recipe_id, sub_category_id, recipe_ingredient_name, recipe_ingredient_count) VALUES (332,45,207,'계란','3개');
INSERT INTO recipe_ingredient (recipe_ingredient_id, recipe_id, sub_category_id, recipe_ingredient_name, recipe_ingredient_count) VALUES (333,46,37,'토마토','3개');
INSERT INTO recipe_ingredient (recipe_ingredient_id, recipe_id, sub_category_id, recipe_ingredient_name, recipe_ingredient_count) VALUES (334,46,207,'계란','3개');
INSERT INTO recipe_ingredient (recipe_ingredient_id, recipe_id, sub_category_id, recipe_ingredient_name, recipe_ingredient_count) VALUES (335,46,44,'대파','1/2개');
INSERT INTO recipe_ingredient (recipe_ingredient_id, recipe_id, sub_category_id, recipe_ingredient_name, recipe_ingredient_count) VALUES (336,46,47,'쪽파','1/2개');
INSERT INTO recipe_ingredient (recipe_ingredient_id, recipe_id, sub_category_id, recipe_ingredient_name, recipe_ingredient_count) VALUES (337,46,256,'전분가루','1큰술');
INSERT INTO recipe_ingredient (recipe_ingredient_id, recipe_id, sub_category_id, recipe_ingredient_name, recipe_ingredient_count) VALUES (338,46,210,'소금','1/2큰술');
INSERT INTO recipe_ingredient (recipe_ingredient_id, recipe_id, sub_category_id, recipe_ingredient_name, recipe_ingredient_count) VALUES (339,46,236,'후추','1/3작은술');
INSERT INTO recipe_ingredient (recipe_ingredient_id, recipe_id, sub_category_id, recipe_ingredient_name, recipe_ingredient_count) VALUES (340,46,226,'식용유','2큰술');
INSERT INTO recipe_ingredient (recipe_ingredient_id, recipe_id, sub_category_id, recipe_ingredient_name, recipe_ingredient_count) VALUES (341,46,228,'참기름','1큰술');
INSERT INTO recipe_ingredient (recipe_ingredient_id, recipe_id, sub_category_id, recipe_ingredient_name, recipe_ingredient_count) VALUES (342,47,30,'양파','1/4개');
INSERT INTO recipe_ingredient (recipe_ingredient_id, recipe_id, sub_category_id, recipe_ingredient_name, recipe_ingredient_count) VALUES (343,47,32,'오이','1/3개');
INSERT INTO recipe_ingredient (recipe_ingredient_id, recipe_id, sub_category_id, recipe_ingredient_name, recipe_ingredient_count) VALUES (344,47,257,'크래미','5개');
INSERT INTO recipe_ingredient (recipe_ingredient_id, recipe_id, sub_category_id, recipe_ingredient_name, recipe_ingredient_count) VALUES (345,47,219,'마요네즈','3큰술');
INSERT INTO recipe_ingredient (recipe_ingredient_id, recipe_id, sub_category_id, recipe_ingredient_name, recipe_ingredient_count) VALUES (346,47,241,'허니머스타드','1작은술');
INSERT INTO recipe_ingredient (recipe_ingredient_id, recipe_id, sub_category_id, recipe_ingredient_name, recipe_ingredient_count) VALUES (347,47,236,'후추','1/3작은술');
INSERT INTO recipe_ingredient (recipe_ingredient_id, recipe_id, sub_category_id, recipe_ingredient_name, recipe_ingredient_count) VALUES (348,48,52,'돼지고기-삼겹살','200g');
INSERT INTO recipe_ingredient (recipe_ingredient_id, recipe_id, sub_category_id, recipe_ingredient_name, recipe_ingredient_count) VALUES (349,48,123,'김치','400g');
INSERT INTO recipe_ingredient (recipe_ingredient_id, recipe_id, sub_category_id, recipe_ingredient_name, recipe_ingredient_count) VALUES (350,48,117,'두부','1모');
INSERT INTO recipe_ingredient (recipe_ingredient_id, recipe_id, sub_category_id, recipe_ingredient_name, recipe_ingredient_count) VALUES (351,48,12,'마늘','3알');
INSERT INTO recipe_ingredient (recipe_ingredient_id, recipe_id, sub_category_id, recipe_ingredient_name, recipe_ingredient_count) VALUES (352,48,30,'양파','1/2개');
INSERT INTO recipe_ingredient (recipe_ingredient_id, recipe_id, sub_category_id, recipe_ingredient_name, recipe_ingredient_count) VALUES (353,48,44,'대파','1개');
INSERT INTO recipe_ingredient (recipe_ingredient_id, recipe_id, sub_category_id, recipe_ingredient_name, recipe_ingredient_count) VALUES (354,48,211,'설탕','1큰술');
INSERT INTO recipe_ingredient (recipe_ingredient_id, recipe_id, sub_category_id, recipe_ingredient_name, recipe_ingredient_count) VALUES (355,48,258,'올리고당','1큰술');
INSERT INTO recipe_ingredient (recipe_ingredient_id, recipe_id, sub_category_id, recipe_ingredient_name, recipe_ingredient_count) VALUES (356,48,228,'참기름','3큰술');
INSERT INTO recipe_ingredient (recipe_ingredient_id, recipe_id, sub_category_id, recipe_ingredient_name, recipe_ingredient_count) VALUES (357,48,164,'깨','2큰술');
INSERT INTO recipe_ingredient (recipe_ingredient_id, recipe_id, sub_category_id, recipe_ingredient_name, recipe_ingredient_count) VALUES (358,48,236,'후추','1/3작은술');
INSERT INTO recipe_ingredient (recipe_ingredient_id, recipe_id, sub_category_id, recipe_ingredient_name, recipe_ingredient_count) VALUES (359,49,259,'마늘쫑','한 줌');
INSERT INTO recipe_ingredient (recipe_ingredient_id, recipe_id, sub_category_id, recipe_ingredient_name, recipe_ingredient_count) VALUES (360,49,70,'새우','20마리');
INSERT INTO recipe_ingredient (recipe_ingredient_id, recipe_id, sub_category_id, recipe_ingredient_name, recipe_ingredient_count) VALUES (361,49,226,'식용유','1/2큰술');
INSERT INTO recipe_ingredient (recipe_ingredient_id, recipe_id, sub_category_id, recipe_ingredient_name, recipe_ingredient_count) VALUES (362,49,213,'간장','1큰술');
INSERT INTO recipe_ingredient (recipe_ingredient_id, recipe_id, sub_category_id, recipe_ingredient_name, recipe_ingredient_count) VALUES (363,49,260,'굴소스','1/2큰술');
INSERT INTO recipe_ingredient (recipe_ingredient_id, recipe_id, sub_category_id, recipe_ingredient_name, recipe_ingredient_count) VALUES (364,49,258,'올리고당','1큰술');
INSERT INTO recipe_ingredient (recipe_ingredient_id, recipe_id, sub_category_id, recipe_ingredient_name, recipe_ingredient_count) VALUES (365,49,247,'맛술','1큰술');
INSERT INTO recipe_ingredient (recipe_ingredient_id, recipe_id, sub_category_id, recipe_ingredient_name, recipe_ingredient_count) VALUES (366,49,164,'깨','1/2큰술');
INSERT INTO recipe_ingredient (recipe_ingredient_id, recipe_id, sub_category_id, recipe_ingredient_name, recipe_ingredient_count) VALUES (367,50,207,'계란','4개');
INSERT INTO recipe_ingredient (recipe_ingredient_id, recipe_id, sub_category_id, recipe_ingredient_name, recipe_ingredient_count) VALUES (368,50,10,'당근','1/2개');
INSERT INTO recipe_ingredient (recipe_ingredient_id, recipe_id, sub_category_id, recipe_ingredient_name, recipe_ingredient_count) VALUES (369,50,30,'양파','1/2개');
INSERT INTO recipe_ingredient (recipe_ingredient_id, recipe_id, sub_category_id, recipe_ingredient_name, recipe_ingredient_count) VALUES (370,50,210,'소금','1/3작은술');
INSERT INTO recipe_ingredient (recipe_ingredient_id, recipe_id, sub_category_id, recipe_ingredient_name, recipe_ingredient_count) VALUES (371,50,226,'식용유','1/2큰술');